Date,NDVI,SSM,LST ,daily_p_chirps
1/1/2016,0.067838915,24.45261595,14003.71185,0
1/2/2016,0.048,24.33329717,14018.35716,0
1/3/2016,0.492,24.202,14033.00248,0
1/4/2016,0.088,24.10572104,14047.64779,4.736
1/5/2016,0.049,23.9976002,14062.29311,14.208
1/6/2016,0.041,23.509,14076.93843,0
1/7/2016,0.117,24.22810881,14091.58374,9.011
1/8/2016,-0.01,24.56664237,14106.22906,22.527
1/9/2016,-0.001,25.226,14120.87438,9.011
1/10/2016,0.023,24.86158038,14135.51969,0
1/11/2016,0.261,24.8178543,13991,16.756
1/12/2016,0.057,24.649,14189.36593,0
1/13/2016,0.455,24.87429598,14486,0
1/14/2016,0.296,24.97445049,14228.05159,0
1/15/2016,0.019,25.237,14227.53633,0
1/16/2016,-0.023,24.97904742,14227.02107,0
1/17/2016,0.578,24.88349985,13799,0
1/18/2016,0.5,24.604,14648,0
1/19/2016,0.596,24.90576618,14410,0
1/20/2016,0.456,25.0235784,14501,0
1/21/2016,0.069,25.183,14258.71508,0
1/22/2016,0.038,25.20604124,14221.06105,0
1/23/2016,0.003,25.27060672,14183.40702,40.725
1/24/2016,0.065,25.4,14145.753,0
1/25/2016,0.011,25.31872125,14108.09897,0
1/26/2016,-0.015,25.30224959,14070.44494,0
1/27/2016,-0.007,25.316,14032.79092,24.142
1/28/2016,0.025,25.22911787,13995.13689,0
1/29/2016,0.04,25.17249486,13623,0
1/30/2016,-0.01,25.069,13971.43207,0
1/31/2016,0.061,25.11032579,13799,0
2/1/2016,0.123,25.10480812,13911,8.224
2/2/2016,0.002,25.184,14088.8522,24.671
2/3/2016,0.127,24.98966964,14149.61946,0
2/4/2016,0.504,24.88010091,14129,0
2/5/2016,0.39,24.553,14775,16.448
2/6/2016,0.002,24.91400781,14281.23849,30.796
2/7/2016,0.004,25.05745773,14278.76685,0
2/8/2016,-0.013,25.386,14276.29522,15.398
2/9/2016,0.021,25.12172155,14273.82358,0
2/10/2016,0.08,25.04249159,14271.35194,0
2/11/2016,0.038,25.053,14268.8803,0
2/12/2016,0.125,24.77398569,14266.40867,0
2/13/2016,0.165,24.58483036,14113,0
2/14/2016,0.036,24.131,14284.7516,0
2/15/2016,0.108471754,24.51562582,14305.56617,0
2/16/2016,0.018,24.63559434,14326.38075,0
2/17/2016,0.281,24.862,14347.19532,0
2/18/2016,0.005,24.74632932,14368.00989,0
2/19/2016,0.141903915,24.73702045,14388.82447,0
2/20/2016,0.154008381,24.75,14409.63904,0
2/21/2016,0.166112847,24.68822601,14430.45361,0
2/22/2016,0.178217313,24.64874264,14451.26819,23.206
2/23/2016,0.190321779,24.666,14472.08276,23.206
2/24/2016,0.202426246,24.4989999,14492.89733,23.206
2/25/2016,0.214530712,24.38879078,14513.7119,0
2/26/2016,0.226635178,24.192,14534.52648,0
2/27/2016,0.238739644,24.26714668,14555.34105,0
2/28/2016,0.25084411,24.25574526,14576.15562,6.655
2/29/2016,-0.007,24.536,14596.9702,6.655
3/1/2016,0.496,23.88542597,14583,0
3/2/2016,0.474,23.52666446,14570,0
3/3/2016,0.427,23.12,14790,0
3/4/2016,0.495,22.86384275,15041,4.501
3/5/2016,0.426,22.56008449,14790,0
3/6/2016,0.145,22.1,14415,0
3/7/2016,0.014,22.1370215,14603.42884,0
3/8/2016,0.493,22.01789768,14709,0
3/9/2016,0.49,21.667,14491,0
3/10/2016,0.029,22.05398381,14520.53705,0
3/11/2016,0.003,22.20914401,14492.48073,8.801
3/12/2016,0.011,21.893,14464.42442,0
3/13/2016,0.049,23.07572074,14436.36811,0
3/14/2016,0.033,23.78666967,14318,2.934
3/15/2016,0.01,25.154,14394.18857,2.934
3/16/2016,-0.011,24.43028906,14380.06535,14.358
3/17/2016,-0.001,24.36260232,14365.94213,0
3/18/2016,0.044,24.2,14351.81891,0
3/19/2016,0.461,24.33449332,13985,0
3/20/2016,0.491,24.37404859,14508,14.358
3/21/2016,0.008,24.748,14398.21705,0
3/22/2016,0.013,24.05349662,14418.44856,0
3/23/2016,0.053,23.69351059,14438.68008,0
3/24/2016,0.218,22.666,14458.91159,22.513
3/25/2016,0.393,23.75757946,14543,15.009
3/26/2016,0.004,24.18155889,14489.52293,21.386
3/27/2016,-0.001,24.853,14499.90275,10.693
3/28/2016,0.01,24.73212235,14510.28258,5.346
3/29/2016,0.044,24.85838263,14520.6624,0
3/30/2016,0.008,25.177,14531.04223,0
3/31/2016,0.01,24.87696118,14541.42205,10.693
4/1/2016,0.035,24.76921872,14551.80187,0
4/2/2016,0.557,24.864,14549,0
4/3/2016,0.005,24.30776981,14574.59516,3.734
4/4/2016,0,23.95423921,14587.00863,7.469
4/5/2016,0.095,23.453,14599.42209,0
4/6/2016,0.026,23.41598694,14611.83556,0
4/7/2016,0.44,23.23147546,14624.24902,0
4/8/2016,0.231,22.72,14636.66249,0
4/9/2016,0.333,23.24384298,14649.07595,4.081
4/10/2016,0.307,23.44065161,14661.48942,0
4/11/2016,0.053,23.537,14673.90288,0
4/12/2016,0.004,23.94733165,14686.31635,3.751
4/13/2016,-0.005,24.25688016,14698.72981,3.751
4/14/2016,0.056,24.966,14711.14328,3.751
4/15/2016,0.001,24.39676556,14723.55674,0
4/16/2016,0.221,24.22695908,14735.97021,3.391
4/17/2016,0.007,24.444,14748.38367,0
4/18/2016,0.73,23.42298744,14630,0
4/19/2016,-0.011,22.78914833,14793.38968,0
4/20/2016,0.693,22.103,14903,0
4/21/2016,0.812,21.57810093,15128,4.273
4/22/2016,0.015,21.00141934,14824.00361,2.136
4/23/2016,0.166,19.955,14801.31459,0
4/24/2016,0.073,20.40048677,14778.62556,0
4/25/2016,0.715,20.37645339,14590,4.273
4/26/2016,0.545,19.861,14660,2.158
4/27/2016,0.799,20.90690654,14903,2.158
4/28/2016,0.044,21.46104014,14775.73281,6.474
4/29/2016,0.031,22.265,14774.45651,6.474
4/30/2016,0.02,22.26999695,14773.18022,2.158
5/1/2016,0.09,22.52432448,14771.90392,0
5/2/2016,0.009,23.099,14770.62763,1.656
5/3/2016,0.02,22.64780167,14769.35133,1.656
5/4/2016,0.091,22.51679597,14768.07504,1.656
5/5/2016,0.184,22.253,14766.79874,4.967
5/6/2016,0.035,22.40395444,14765.52245,2.681
5/7/2016,0.884,22.42207674,14698,0
5/8/2016,0.024,22.451,14773.19016,0
5/9/2016,0.004,22.43754189,14782.13417,0
5/10/2016,0.021,22.4347726,14791.07817,0
5/11/2016,0.68,22.763,14800.02218,1.861
5/12/2016,0.167,22.02992433,14808.96618,1.861
5/13/2016,0.87,21.62793866,14841,0
5/14/2016,0.887,21.003,14892,0
5/15/2016,0.595,21.0795484,14818.0736,0
5/16/2016,0.562,20.93330362,14812.85525,0
5/17/2016,0.059,20.747,14807.6369,1.543
5/18/2016,0.1,20.68116501,14802.41855,1.543
5/19/2016,0.531,20.57527681,14797.2002,1.543
5/20/2016,0,20.973,14791.98184,0
5/21/2016,0.131,19.76225218,14786.76349,0
5/22/2016,0.309,19.05539876,14781.54514,0
5/23/2016,0.09,18.343,14776.32679,0
5/24/2016,0.844,17.64398169,14663,0
5/25/2016,0.006,16.93999858,14782.5688,0
5/26/2016,0.888,15.974,14728,0
5/27/2016,0.887,15.8406044,14944,0
5/28/2016,0.862,15.44561568,14853,0
5/29/2016,0.851,14.672,14978,0
5/30/2016,0.527,15.10398653,14622,0
5/31/2016,0.371,15.15738776,14781.16532,0
6/1/2016,0.354,15.789,14777.3673,0
6/2/2016,0.012,14.58297711,14773.56928,0
6/3/2016,0.078,13.95532509,14769.77126,0
6/4/2016,0.13,13.047,14765.97324,0
6/5/2016,0.719,13.03440677,14672,0
6/6/2016,0.152,12.74147652,14772.28922,0
6/7/2016,0.166,12.117,14782.40323,0
6/8/2016,0.016,12.55162582,14792.51723,0
6/9/2016,0.034,12.65467661,14802.63123,0
6/10/2016,0.02,13.236,14812.74523,16.561
6/11/2016,0.02,12.30036145,14822.85924,0
6/12/2016,-0.018,11.84305268,14832.97324,0
6/13/2016,0.053,11.206,14843.08724,0
6/14/2016,0.906,11.14575263,14922,0
6/15/2016,0.917,10.9059946,14924,0
6/16/2016,0.308,10.711,14841.2012,0
6/17/2016,0.543842171,10.37999399,14829.70127,0
6/18/2016,0.835,10.09390285,14718,28.254
6/19/2016,0.874,9.563,15024,0
6/20/2016,0.355,9.817981232,14794.97977,0
6/21/2016,0.866,9.828181419,14573,0
6/22/2016,0.588,9.969,14770.67201,0
6/23/2016,0.216,9.701551721,14773.54472,0
6/24/2016,0.888,9.564682598,14735,0
6/25/2016,0.156,9.589,14696,0
6/26/2016,0.072,9.107832648,14808.77804,0
6/27/2016,0.839,8.787983926,14763,0
6/28/2016,0.858,8.4,14981,0
6/29/2016,0.814,8.236909473,14923,0
6/30/2016,0.872,8.005868973,15020,0
7/1/2016,0.874,7.695,14779,0
7/2/2016,0.403,7.647242496,14885.97908,0
7/3/2016,-0.023,7.519751384,14891.29011,10.062
7/4/2016,0.073,7.27,14896.60115,7.339
7/5/2016,0.866,7.418740008,14961,0
7/6/2016,0.096,7.445191865,14898.1073,0
7/7/2016,0.098,7.16,14894.30241,0
7/8/2016,0.858,7.875146903,14876,0
7/9/2016,0.004,8.278361708,14888.92927,13.535
7/10/2016,0.018,9.16,14887.36102,0
7/11/2016,0.013,8.527130923,14885.79277,6.765
7/12/2016,0.019,8.372493701,14884.22452,11.439
7/13/2016,0.125,8.239,14882.65627,0
7/14/2016,0.847,8.044850657,14845,0
7/15/2016,0.829,7.871948062,14799,0
7/16/2016,0.859,7.748,14925,7.172
7/17/2016,0.231,7.47563878,14916.15711,9.164
7/18/2016,0.09,7.252375014,14929.94619,0
7/19/2016,0.847,6.811,15020,0
7/20/2016,0.207,7.071480081,14945.7584,0
7/21/2016,0.843,7.113889152,15097,0
7/22/2016,0.818,7.053,14930,0
7/23/2016,0.169,7.328701825,14905.28942,13.522
7/24/2016,0.867,7.500952391,14733,0
7/25/2016,0.021,7.804,14885.56542,0
7/26/2016,0.228,7.698048634,14887.33559,0
7/27/2016,0.011,7.722755452,14889.10577,0
7/28/2016,0.007,7.913,14890.87594,0
7/29/2016,0.014,7.583134449,14892.64611,11.616
7/30/2016,0.169,7.418841924,14894.41628,0
7/31/2016,0.006,7.365,14896.18645,0
8/1/2016,0.838,6.966750826,14779,0
8/2/2016,0.88,6.679149658,14878,0
8/3/2016,0.881,6.401,14954,0
8/4/2016,0.883,6.101063885,14978,0
8/5/2016,0.827,5.810845802,14991,0
8/6/2016,0.869,5.527,15080,5.79
8/7/2016,0.826,5.232844774,15019,0
8/8/2016,0.863,4.945335199,15141,0
8/9/2016,0.876,4.568,15012,0
8/10/2016,0.851,4.487992014,15068,0
8/11/2016,0.852,4.318379156,15116,0
8/12/2016,0.846,4.081,15007,0
8/13/2016,0.859,4.072012234,15153,0
8/14/2016,0.833,3.995381834,15095,0
8/15/2016,0.763,3.927,14941,5.836
8/16/2016,0.009,3.845923017,15011.40187,5.735
8/17/2016,0.4,3.773179167,14881,0
8/18/2016,0.878,3.721,14974,0
8/19/2016,0.845,3.617499135,15003,0
8/20/2016,0.874,3.534660725,15114,0
8/21/2016,0.864,3.452,15072,0
8/22/2016,0.868,3.383494101,15150,0
8/23/2016,0.852,3.315271904,15059,0
8/24/2016,0.856,3.171,15180,0
8/25/2016,0.867,3.28394928,14969,0
8/26/2016,0.826,3.32090553,14979,0
8/27/2016,0.799,3.269,15055,0
8/28/2016,0.117,3.515267848,14887,5.567
8/29/2016,0.132,3.672628222,14944.38555,0
8/30/2016,0.087,3.458,14929.11951,0
8/31/2016,0.065,4.441449154,14913.85347,0
9/1/2016,0.013,5.052585844,14898.58742,6.448
9/2/2016,-0.013,6.289,14883.32138,7.958
9/3/2016,0.056,5.549404555,14868.05534,0
9/4/2016,0.042,5.434909231,14852.78929,0
9/5/2016,0.042,5.27,14837.52325,0
9/6/2016,0.029,5.277851199,14822.25721,0
9/7/2016,0.036,5.235449129,14806.99116,9.401
9/8/2016,0.77,4.999,14688,0
9/9/2016,0.866,5.39298269,14895,0
9/10/2016,0.768,5.592930077,14777,0
9/11/2016,0.097,5.971,14762.35401,0
9/12/2016,0.016,5.795691429,14747.32945,9.935
9/13/2016,0.154,5.798503935,14732.30489,0
9/14/2016,0.18,5.814,14717.28033,0
9/15/2016,0.086,5.802535679,14703,0
9/16/2016,0.01,5.803863062,14687.11639,0
9/17/2016,0.01,5.866,14671.97701,8.15
9/18/2016,0.439,5.748828472,14520,0
9/19/2016,0.129,5.692614425,14532,0
9/20/2016,0.794,5.476,14723,0
9/21/2016,0.847,5.784571126,14908,0
9/22/2016,0.171,5.932826505,14700.1961,0
9/23/2016,0.144,5.938,14690.52921,0
9/24/2016,0.013,6.413514756,14680.86231,7.006
9/25/2016,0.085,6.745847639,14671.19541,0
9/26/2016,0.037,6.269,14661.52852,0
9/27/2016,0.025,8.379831438,14651.86162,0
9/28/2016,0.032,9.680812359,14642.19472,0
9/29/2016,0.015,11.845,14632.52783,0
9/30/2016,0.014,11.27288075,14622.86093,0
10/1/2016,0.002,11.56332694,14613.19403,0
10/2/2016,0.805,11.76,14540,0
10/3/2016,0.332,12.26118,14603.66105,0
10/4/2016,0.868,12.66840049,14543,0
10/5/2016,0.085,13.193,14613.3082,0
10/6/2016,0.404,13.34928619,14605,0
10/7/2016,0.843,13.62277743,14682,0
10/8/2016,0.281,13.396,14640.1087,0
10/9/2016,0.834,14.76418887,14756,0
10/10/2016,0.018,15.63170629,14633.05365,0
10/11/2016,0.129,15.809,14620.97399,0
10/12/2016,0.042,18.18188291,14608.89434,0
10/13/2016,0.01,19.86343131,14596.81469,0
10/14/2016,0.379,22.242,14587,0
10/15/2016,0.011,22.39640526,14572.30594,0
10/16/2016,0.04,23.24672487,14559.87685,0
10/17/2016,0.009,24.595,14547.44777,0
10/18/2016,0.027,24.3464981,14535.01868,0
10/19/2016,0.006,24.59555856,14522.58959,0
10/20/2016,0.073,24.922,14510.1605,0
10/21/2016,0.012,24.98757168,14497.73141,0
10/22/2016,0.022,25.13047693,14485.30232,0
10/23/2016,0.022,25.4,14472.87324,0
10/24/2016,0.007,25.25192846,14460.44415,0
10/25/2016,-0.008,25.23055273,14448.01506,36.157
10/26/2016,-0.008,25.171,14435.58597,65.589
10/27/2016,0.072,25.21863834,14423.15688,0
10/28/2016,-0.022,25.22823437,14410.72779,16.397
10/29/2016,-0.013,25.355,14398.29871,0
10/30/2016,0.317,25.09572586,14385.86962,0
10/31/2016,0.015,24.9538069,14373.44053,0
11/1/2016,0.035,24.798,14361.01144,0
11/2/2016,-0.001,24.67430894,14348.58235,14.058
11/3/2016,0.747,24.53698053,14128,0
11/4/2016,0.721,24.266,14346,0
11/5/2016,0.705,24.40954382,14393,0
11/6/2016,0.002,24.4196017,14395.77929,0
11/7/2016,0.048,24.667,14414.51899,0
11/8/2016,0.708,24.14994505,14434,0
11/9/2016,0.671,23.87046121,14430,0
11/10/2016,0.396,23.505,14473.88555,0
11/11/2016,0.6,23.40514212,14738,0
11/12/2016,0.605,23.21963001,14554,0
11/13/2016,0.066,22.743,14453.85109,0
11/14/2016,0.113,23.1862044,14427.16616,0
11/15/2016,0.081,23.33839199,14400.48124,6.338
11/16/2016,0.007,23.22,14373.79631,102.644
11/17/2016,0.578,23.95623135,14366,0
11/18/2016,0.007,24.42165218,14317.51237,0
11/19/2016,0.008,25.183,14287.91335,0
11/20/2016,0.005,24.99550362,14258.31434,0
11/21/2016,0.012,25.10372024,14228.71532,0
11/22/2016,0.002,25.387,14199.1163,0
11/23/2016,0.005,25.10499487,14169.51729,0
11/24/2016,0.393,24.99812102,14139.91827,0
11/25/2016,0.495,24.923,13662,0
11/26/2016,0.481,24.73908196,14093,0
11/27/2016,0.6,24.5871101,14119,0
11/28/2016,0.536,24.273,14378,0
11/29/2016,0.564,24.46795238,14563,0
11/30/2016,0.508,24.50088448,14394,0
12/1/2016,0.013,24.52,14290.38777,6.225
12/2/2016,-0.01,24.57695094,14278.05535,12.451
12/3/2016,0.462,24.62010054,14444,0
12/4/2016,0.408,24.56,14077,0
12/5/2016,0.17,24.82221189,14209.0196,0
12/6/2016,-0.006,24.98112105,14192.15285,0
12/7/2016,0.133,25.346,14175.28611,0
12/8/2016,-0.007,25.04933652,14158.41936,0
12/9/2016,0.15,24.95865305,14141.55261,23.853
12/10/2016,0.234,24.739,14124.68586,0
12/11/2016,0.667,24.92337712,13996,0
12/12/2016,0.541,24.97884243,14227,0
12/13/2016,0.135,25,14090.26036,0
12/14/2016,0.003,25.12428546,14072.31717,36.223
12/15/2016,-0.017,25.21422565,14054.37398,18.111
12/16/2016,0.027,25.4,14036.43078,0
12/17/2016,-0.004,25.27474746,14018.48759,0
12/18/2016,-0.006,25.24532985,14000.5444,0
12/19/2016,-0.006,25.223,13982.6012,0
12/20/2016,0.011,25.17204569,13964.65801,0
12/21/2016,0.027,25.12824282,13946.71482,0
12/22/2016,-0.001,25.111,13928.77162,0
12/23/2016,0.068,25.00362457,13668,0
12/24/2016,-0.005,24.92289454,13930.34824,7.638
12/25/2016,-0.002,24.824,13949.86804,15.276
12/26/2016,0.006,24.77778606,13969.38785,0
12/27/2016,0.049,24.71349948,13988.90766,0
12/28/2016,0.001,24.708,14008.42746,0
12/29/2016,0.518,24.51101529,14031,0
12/30/2016,0.057,24.37293505,14046.99611,0
12/31/2016,0.011,24.137,14066.04495,0
1/1/2017,0.12,24.2085565,14085.09379,0
1/2/2017,0.481,24.18235353,14110,0
1/3/2017,0.453,24.304,13978,0
1/4/2017,0.513,23.95220349,14222,0
1/5/2017,0.591,23.74838249,14086,0
1/6/2017,0.449,23.418,14376,0
1/7/2017,0.545,23.48788127,14366,0
1/8/2017,0.448,23.43134057,14435,0
1/9/2017,0.497,23.182,14466,0
1/10/2017,0.198,23.54420873,14228.19023,0
1/11/2017,0.044,23.71356791,14186.48969,0
1/12/2017,0.494,24.01,14009,0
1/13/2017,0.08,23.90010181,14124.03784,13.436
1/14/2017,0.011,23.91718835,14103.28654,0
1/15/2017,0.464,23.748,14006,0
1/16/2017,0.512,24.1686277,14122,0
1/17/2017,0.059,24.40285782,14057.17964,0
1/18/2017,0.043,24.7,14040.76767,0
1/19/2017,0,24.79341845,14024.35571,0
1/20/2017,0.029,24.94955383,14007.94375,0
1/21/2017,0.011,25.321,13991.53178,0
1/22/2017,0.022,25.00297886,13975.11982,0
1/23/2017,0.292,24.90023985,13706,0
1/24/2017,0.488,24.617,14040,0
1/25/2017,0.24,24.90321554,13994.79956,19.019
1/26/2017,0.443,25.00892359,14216,0
1/27/2017,-0.008,25.183,13989.79157,15.673
1/28/2017,-0.013,25.13474156,13971.26708,23.51
1/29/2017,0.011,25.15477956,13952.74259,0
1/30/2017,0.036,25.163,13934.2181,0
1/31/2017,0.048,25.20355835,13915.69361,7.837
2/1/2017,-0.006,25.23226224,13897.16911,0
2/2/2017,-0.004,25.347,13878.64462,0
2/3/2017,0.055,25.18265147,13860.12013,0
2/4/2017,0.072,25.10434553,13662,0
2/5/2017,0.002,24.938,13850.77874,0
2/6/2017,0.074,25.04634733,13812,0
2/7/2017,0.187,25.06666415,13958,0
2/8/2017,0.128,25.027,13880.56015,0
2/9/2017,0.017,25.17269811,13884.57592,0
2/10/2017,0.005,25.2583379,13888.59168,0
2/11/2017,0.016,25.4,13892.60744,0
2/12/2017,0.025,25.35753403,13896.62321,0
2/13/2017,-0.007,25.37101226,13900.63897,97.952
2/14/2017,0.03,25.4,13904.65473,0
2/15/2017,-0.004,25.37330854,13908.6705,0
2/16/2017,-0.012,25.3620927,13912.68626,0
2/17/2017,-0.005,25.4,13916.70202,0
2/18/2017,0.069,25.27515358,13920.71778,0
2/19/2017,0.028,25.19943664,13793,0
2/20/2017,0.055,25.2,13811,0
2/21/2017,0.057,24.95158109,13885,0
2/22/2017,0.124,24.77952518,14057.28095,0
2/23/2017,0.193,24.625,14119.84819,0
2/24/2017,0.322,24.40898113,14309,0
2/25/2017,0.172,24.21063316,14225.45349,0
2/26/2017,0.34,23.854,14548,0
2/27/2017,0.157,23.99589211,14268.40772,0
2/28/2017,0.415,23.9795571,14259,0
3/1/2017,0.419,23.824,14235,0
3/2/2017,0.16,24.10642201,14276.38325,5.884
3/3/2017,0.134,24.24950462,14283.08799,0
3/4/2017,0.157,24.518,14289.79273,0
3/5/2017,0.001,24.38193047,14296.49748,17.653
3/6/2017,0.287,24.37114967,14303.20222,0
3/7/2017,0.513,24.457,14302,0
3/8/2017,0.031,24.22926777,14317.83158,0
3/9/2017,0.16,24.09817624,14325.75619,0
3/10/2017,0.26,23.785,14231,0
3/11/2017,0.045,24.04481466,14357.44676,9.883
3/12/2017,0.029,24.12250518,14381.21273,0
3/13/2017,0.054,24.521,14404.97869,6.588
3/14/2017,0.132,23.89268915,14428.74466,0
3/15/2017,0.129,23.58522738,14630,0
3/16/2017,0.393,22.597,14410,5.471
3/17/2017,0.014,23.76789275,14451.27772,0
3/18/2017,0.026,24.25785256,14453.66151,8.206
3/19/2017,0.001,25.154,14456.04529,5.471
3/20/2017,0.027,24.75039379,14458.42908,5.471
3/21/2017,0.009,24.75264671,14460.81286,12.977
3/22/2017,0.013,25.117,14463.19664,0
3/23/2017,-0.002,24.32048906,14465.58043,0
3/24/2017,-0.001,23.88620888,14467.96421,0
3/25/2017,0.064,23.272,14470.348,0
3/26/2017,0.571,23.22209856,14373,0
3/27/2017,0.253,22.99250951,14490.50195,5.706
3/28/2017,0.007,22.088,14508.27212,0
3/29/2017,0.466,23.32308656,14572,0
3/30/2017,0.495,23.88298796,14661,0
3/31/2017,0.444,25.019,14272,2.853
4/1/2017,0.016,24.31335733,14559.26588,6.154
4/2/2017,-0.003,24.18350415,14590.3029,0
4/3/2017,-0.001,24.16,14621.33992,6.154
4/4/2017,0.55,23.78775975,14652.37695,0
4/5/2017,0.471,23.52195567,14826,0
4/6/2017,0.522,23.208,14766,0
4/7/2017,0.004,23.03737584,14690.1457,4.984
4/8/2017,0.145,22.8187247,14631,0
4/9/2017,0.049,22.66,14694.29968,1.661
4/10/2017,0.018,22.30160941,14700.7611,0
4/11/2017,0.018,22.00327957,14707.22252,1.264
4/12/2017,0.015,21.792,14713.68394,1.264
4/13/2017,0.021,21.29575531,14720.14537,2.528
4/14/2017,0.012,20.886785,14726.60679,3.792
4/15/2017,-0.012,20.386,14733.06821,6.32
4/16/2017,0.002,20.17061991,14739.52963,0
4/17/2017,0.698,19.86364852,14750,0
4/18/2017,0.673,19.919,14771,0
4/19/2017,0.748,18.81680648,14813,0
4/20/2017,0.007,18.07732167,14748.61478,0
4/21/2017,0.705,16.805,14725,1.697
4/22/2017,0.651,17.22488244,14935,0
4/23/2017,0.666,17.11221369,14491,3.394
4/24/2017,0.321840381,17.203,14704.94292,3.394
4/25/2017,0.01,16.64535145,14704.40628,0
4/26/2017,0.012,16.29124849,14703.86963,0
4/27/2017,0.028,15.622,14703.33299,0
4/28/2017,0.169,15.95443983,14702.79634,0
4/29/2017,0.007,15.97175861,14702.2597,5.665
4/30/2017,0.741,16.062,14662,1.416
5/1/2017,0.239,15.91942452,14707.31479,0
5/2/2017,0.183,15.84965242,14712.90653,6.21
5/3/2017,0.085,16.236,14718.49826,0
5/4/2017,0.446,15.17032733,14580,0
5/5/2017,0.084,14.56096976,14751.9116,4.14
5/6/2017,0.197,13.78,14779.73321,0
5/7/2017,0.836,13.54529874,14765,7.913
5/8/2017,0.855,13.1393499,15009,0
5/9/2017,0.204,12.291,14850.55516,0
5/10/2017,0.877,12.85201466,15031,0
5/11/2017,0.087,12.97062769,14841.27241,2.207
5/12/2017,0.032,12.974,14823.37617,0
5/13/2017,0.024,13.34553025,14805.47993,0
5/14/2017,0.873,13.60148733,14777,0
5/15/2017,0.83,14.687,14690,2.207
5/16/2017,0.025,13.1338639,14767.60275,0
5/17/2017,0.023,12.41037513,14763.88523,0
5/18/2017,0.119,11.497,14760.16771,0
5/19/2017,0.823,11.18896171,14700,0
5/20/2017,0.708,10.69150871,14627,0
5/21/2017,0.033,10.084,14787.17451,0
5/22/2017,0.189,9.830569997,14812.90734,0
5/23/2017,0.868,9.467376999,15015,0
5/24/2017,0.01,9.095,14837.16462,0
5/25/2017,0.021,8.757555135,14835.68907,0
5/26/2017,0.014,8.411146794,14834.21351,0
5/27/2017,0.07,8.146,14832.73796,0
5/28/2017,0.867,7.629526372,14880,0
5/29/2017,0.054,7.194575847,14822.26774,0
5/30/2017,0.127,6.625,14732,0
5/31/2017,0.534,6.492416786,14825,0
6/1/2017,0.878,6.225435868,14722,0
6/2/2017,0.05,6.075,14836.36014,0
6/3/2017,0.215,5.563995917,14853.62177,0
6/4/2017,0.907,5.169751103,14924,0
6/5/2017,0.013,4.693,14879.95032,0
6/6/2017,0.202,4.490228792,14889.01724,0
6/7/2017,0.857,4.20518269,14941,0
6/8/2017,0.026,3.886,14900.53013,0
6/9/2017,0.899,3.688272973,14859,0
6/10/2017,0.897,3.456568003,14877,0
6/11/2017,0.023,3.214,14926.86869,0
6/12/2017,0.058,3.019802759,14941.53078,0
6/13/2017,0.02,2.81487062,14956.19287,0
6/14/2017,0.027,2.472,14970.85497,0
6/15/2017,0.747,2.582385214,15156,0
6/16/2017,-0.01,2.554867652,14973.87744,0
6/17/2017,0.012,2.579,14962.23782,0
6/18/2017,0.035,2.453449824,14950.5982,23.027
6/19/2017,0.086,2.379529855,14938.95858,0
6/20/2017,0.022,2.173,14927.31897,0
6/21/2017,0.121,2.402709853,14915.67935,0
6/22/2017,0.015,2.499737878,14904.03973,0
6/23/2017,0.034,2.543,14892.40011,0
6/24/2017,0.886,2.771072261,14833,0
6/25/2017,0.948,2.945191905,14845,0
6/26/2017,0.657,3.134,14877.0761,0
6/27/2017,0.26,3.288653702,14877.66295,0
6/28/2017,0.041,3.457782149,14638,0
6/29/2017,0.889,3.612,15044,0
6/30/2017,0.861,3.824871673,14969,0
7/1/2017,0.861,4.022615499,14972,0
7/2/2017,0.774,4.357,14786,6.74
7/3/2017,0.863,4.266701531,14992,0
7/4/2017,0.858,4.312895781,15172,0
7/5/2017,0.862,4.236,15109,0
7/6/2017,0.127,4.559699474,15034.16159,0
7/7/2017,0.038,4.76016629,15033.82482,0
7/8/2017,0.012,5.079,15033.48804,0
7/9/2017,-0.003,5.029456967,15033.15126,0
7/10/2017,0.026,5.098132931,15032.81449,0
7/11/2017,0.02,5.223,15032.47771,0
7/12/2017,0.047,5.176499509,15032.14094,0
7/13/2017,0.007,5.18614373,15031.80416,0
7/14/2017,0.054,5.167,15031.46738,0
7/15/2017,0.143,5.246536315,15031.13061,0
7/16/2017,0.83,5.297252506,14868,8.418
7/17/2017,0.867,5.421,15135,0
7/18/2017,0.882,5.319378399,15070,0
7/19/2017,0.879,5.29078022,15135,0
7/20/2017,0.895,5.297,15056,0
7/21/2017,0.876,5.199453061,15143,0
7/22/2017,0.882,5.136778308,15132,0
7/23/2017,0.804,5.073,15186,0
7/24/2017,0.027,5.020088444,15065.71237,0
7/25/2017,0.149,4.966145564,14856,5.299
7/26/2017,0.855,4.927,14995,0
7/27/2017,0.858,4.848603094,15021,0
7/28/2017,0.857,4.785081726,15158,0
7/29/2017,0.867,4.686,15251,0
7/30/2017,0.624,4.7083216,15101.05271,0
7/31/2017,0.819,4.695146447,15093.59953,5.859
8/1/2017,0.81,4.718,15012,6.358
8/2/2017,0.861,4.634929186,15115,0
8/3/2017,0.891,4.587948558,14983,0
8/4/2017,0.848,4.522,15090,0
8/5/2017,0.82,4.525467558,14988,0
8/6/2017,0.864,4.510036288,15269,0
8/7/2017,0.875,4.472,15295,0
8/8/2017,0.834,4.515340466,15271,0
8/9/2017,0.862,4.536117684,15455,0
8/10/2017,0.177,4.381,15157.77188,6.332
8/11/2017,0.028,4.794946471,15116.47504,5.611
8/12/2017,0.836,5.032919154,14948,0
8/13/2017,0.827,4.866,15053.50211,0
8/14/2017,0.132,5.99554738,14909,0
8/15/2017,0.838,6.719776326,15002,0
8/16/2017,0.139,8.365,15030.55328,0
8/17/2017,0.034,7.086868244,15032.00732,0
8/18/2017,0.077,6.729609147,15033.46135,0
8/19/2017,0.24,6.211,15034.91538,0
8/20/2017,0.824,6.2118805,15001,0
8/21/2017,0.788,6.0517385,15006,0
8/22/2017,0.841,5.944,15148,0
8/23/2017,0.852,5.677756709,15165,0
8/24/2017,0.71,5.46417772,15008,0
8/25/2017,0.698,5.286,14916,0
8/26/2017,0.014,5.005113562,15023.44494,6.663
8/27/2017,0.053,4.759938839,15025.40478,0
8/28/2017,0.779,4.451,14923,0
8/29/2017,0.816,4.356711655,15107,0
8/30/2017,0.585,4.198949743,14991,0
8/31/2017,0.822,3.874,15195,0
9/1/2017,0.857,4.094294021,15270,0
9/2/2017,0.756,4.147549971,15049,0
9/3/2017,0.019,4.357,15007.74777,13.881
9/4/2017,0.287,4.083945827,14718,0
9/5/2017,0.827,3.967225035,15073,0
9/6/2017,0.017,3.805,14975.29221,0
9/7/2017,0.636,3.802837647,15044,3.735
9/8/2017,-0.002,3.755371934,14949.76094,11.08
9/9/2017,0.021,3.582,14931.16063,0
9/10/2017,0.361,3.825543251,14802,0
9/11/2017,0.029,3.943274823,14911.01698,12.412
9/12/2017,0.032,4.204,14909.47365,0
9/13/2017,0.855,4.026876984,14916,0
9/14/2017,0.648,3.992847532,14853,0
9/15/2017,0.237,3.914,14840,0
9/16/2017,0.833,3.995438714,14976,0
9/17/2017,0.827,4.032212725,14986,0
9/18/2017,0.835,3.81,14957,0
9/19/2017,0.855,4.430014522,15023,0
9/20/2017,0.815,4.791010037,14971,0
9/21/2017,0.818,4.71,14959,0
9/22/2017,0.759,6.052542212,14923,0
9/23/2017,0.233,6.952624923,14719,0
9/24/2017,0.031,6.825,14778.29959,10.37
9/25/2017,0.008,9.979829878,14746.53722,8.9
9/26/2017,0.712,12.10562034,14635,0
9/27/2017,0.013,14.764,14695.31996,3.682
9/28/2017,0.014,15.7327521,14675.86507,0
9/29/2017,0.002,17.23246466,14656.41017,0
9/30/2017,0.449,18.573,14636.95528,0
10/1/2017,0.025,20.41453028,14617.50039,0
10/2/2017,0.02,22.09547639,14598.04549,0
10/3/2017,0.004,25.237,14578.5906,0
10/4/2017,-0.011,23.7194881,14559.13571,32.504
10/5/2017,0.012,23.66192251,14539.68081,0
10/6/2017,0.796,23.456,14325,0
10/7/2017,0.84,23.70628105,14493,0
10/8/2017,0.422,23.80835775,14547.39971,0
10/9/2017,0.776,23.667,14678,0
10/10/2017,0.765,24.28488943,14630,0
10/11/2017,0.013,24.65926857,14551.36075,0
10/12/2017,0.01,25.39,14539.90404,0
10/13/2017,0.007,24.97170445,14528.44733,0
10/14/2017,0.085,24.9097568,14516.99063,0
10/15/2017,0.203,24.987,14505.53392,0
10/16/2017,0.793,24.60643636,14528,22.637
10/17/2017,0.761,24.365358,14316,0
10/18/2017,0.798,23.979,14514,0
10/19/2017,0.627,24.04157693,14440,0
10/20/2017,0.56,23.95916908,14422,0
10/21/2017,0.756,23.946,14522,0
10/22/2017,0.772,23.7011722,14497,0
10/23/2017,0.786,23.52583637,14587,0
10/24/2017,0.071,23.158,14611.37499,9.784
10/25/2017,0.732,23.39257171,14584,0
10/26/2017,0.752,23.4348259,14904,0
10/27/2017,0.055,23.755,14687.95925,0
10/28/2017,0.015,23.18241511,14693.67765,16.927
10/29/2017,0.426,22.8879866,14679,0
10/30/2017,0.707,22.203,14929,0
10/31/2017,0.045,22.75305192,14683.0711,0
11/1/2017,0.012,22.91271761,14657.88108,0
11/2/2017,0.001,23.066,14632.69107,0
11/3/2017,0.135,23.23298533,14607.50105,0
11/4/2017,-0.006,23.39352534,14582.31103,11.869
11/5/2017,0.478,23.261,14462,0
11/6/2017,0.036,24.05344615,14546.60604,0
11/7/2017,0.019,24.55258893,14536.09108,20.894
11/8/2017,0.006,25.4,14525.57611,0
11/9/2017,-0.003,25.13087523,14515.06114,0
11/10/2017,0.01,25.20981577,14504.54617,0
11/11/2017,0.05,25.371,14494.0312,0
11/12/2017,0.027,25.26099331,14483.51623,0
11/13/2017,0.64,25.23328573,14464,0
11/14/2017,0.148,25.162,14463.87498,0
11/15/2017,0.586,25.22014718,14439,0
11/16/2017,0.608,25.23479727,14509,0
11/17/2017,0.626,25.256,14438,0
11/18/2017,0.632,25.24764902,14515,0
11/19/2017,0.04,25.24591231,14382.44754,0
11/20/2017,0.14,25.206,14349.97496,20.463
11/21/2017,0.026,25.27917476,14317.50239,58.368
11/22/2017,-0.009,25.31421919,14285.02982,16.677
11/23/2017,0.035,25.4,14252.55724,8.338
11/24/2017,0.018,25.31633979,14220.08467,16.677
11/25/2017,0.579,25.28347103,13962,0
11/26/2017,0.218,25.207,14189.94643,0
11/27/2017,0.615,25.26153254,14293,0
11/28/2017,0.049,25.27252437,14179.07636,0
11/29/2017,0.565,25.324,14206,0
11/30/2017,0.035,25.2393897,14146.47671,0
12/1/2017,0.004,25.19532503,14127.08145,0
12/2/2017,0.055,25.182,14107.68619,0
12/3/2017,0.159,25.06404134,14059,0
12/4/2017,0.471,24.97692851,14057,0
12/5/2017,0.228,24.847,14061.07071,11.829
12/6/2017,0.027,24.84707352,14048.7268,17.649
12/7/2017,-0.013,24.80443224,14036.38289,4.412
12/8/2017,0.213,24.849,13769,0
12/9/2017,0.389,24.61063991,14053,0
12/10/2017,0.555,24.4596178,14049,0
12/11/2017,0.547,24.23,14252,0
12/12/2017,0.539,24.24569451,14033,0
12/13/2017,0.583,24.18292886,14224,0
12/14/2017,0.095,24.121,14019,0
12/15/2017,0.122,24.0524909,14178.61789,0
12/16/2017,0.574,23.98490915,14194,0
12/17/2017,0.189,23.807,14239.39786,0
12/18/2017,0.505,23.9765906,14216,0
12/19/2017,0.486,24.03588036,14522,0
12/20/2017,0.201,24.107,14318.13555,4.053
12/21/2017,-0.006,24.13711729,14325.47964,5.825
12/22/2017,0.023,24.17903345,14332.82372,1.456
12/23/2017,0.048,24.362,14340.16781,2.913
12/24/2017,0.387,24.09286395,14569,1.456
12/25/2017,0.605,23.96483909,14091,0
12/26/2017,0.505,23.808,14214,0
12/27/2017,0.547,23.7398799,14265,0
12/28/2017,0.466,23.643074,14516,0
12/29/2017,0.039,23.209,14417.96367,7.955
12/30/2017,0.51,23.84530063,14475,0
12/31/2017,0.507,24.14424484,14733,0
1/1/2018,0.415,24.615,14397,0
1/2/2018,-0.019,24.53605538,14408.97123,0
1/3/2018,0.016,24.62873585,14387.85284,0
1/4/2018,0.021,24.716,14366.73444,0
1/5/2018,0.379,24.81630924,14345.61604,21.866
1/6/2018,0.189,24.91111619,14324.49764,0
1/7/2018,0.007,25.068,14303.37925,0
1/8/2018,0.629,25.02274934,14119,0
1/9/2018,0.507,25.03952447,14331,0
1/10/2018,0.011,24.993,14283.50746,0
1/11/2018,0.07,25.1428417,14280.68498,9.494
1/12/2018,0.515,25.22933338,14253,0
1/13/2018,0.012,25.4,14278.87573,0
1/14/2018,0.007,25.29762461,14279.88897,0
1/15/2018,0,25.2793876,14280.90221,0
1/16/2018,0.017,25.309,14281.91545,0
1/17/2018,0.051,25.18101542,14282.92869,3.506
1/18/2018,0.403,25.10092365,14283.94193,3.506
1/19/2018,0.276,25.015,14305,0
1/20/2018,-0.007,24.94255157,14282.87594,14.025
1/21/2018,0.557,24.86434112,14259,0
1/22/2018,0.076,24.584,14282.08022,5.605
1/23/2018,0.389,24.94180579,14468,11.21
1/24/2018,0.366,25.09742862,14225,0
1/25/2018,0.004,25.386,14233.76787,5.605
1/26/2018,-0.012,25.24644906,14211.37374,6.198
1/27/2018,0.006,25.23975469,14188.97961,18.595
1/28/2018,0.033,25.4,14166.58548,6.198
1/29/2018,0.074,25.02369877,14144.19134,0
1/30/2018,0.096,24.81442496,14121.79721,0
1/31/2018,0.15,24.614,13846,0
2/1/2018,0.147,24.38062598,14116.10338,0
2/2/2018,0.449,24.1562945,14114,0
2/3/2018,0.052,23.749,14152.40497,0
2/4/2018,0.444,23.91996266,14283,0
2/5/2018,-0.004,23.90805375,14174.48369,4.628
2/6/2018,0.012,24.003,14176.96112,0
2/7/2018,0.018,23.7548031,14179.43855,0
2/8/2018,0.016,23.61350859,14181.91599,0
2/9/2018,0.053,23.117,14184.39342,0
2/10/2018,0.046,23.74725029,14186.87085,0
2/11/2018,0.031,24.02218706,14189.34829,0
2/12/2018,0.004,24.371,14191.82572,26.342
2/13/2018,-0.003,24.48076439,14194.30315,26.342
2/14/2018,-0.005,24.66413933,14196.78058,6.585
2/15/2018,-0.004,24.952,14199.25802,0
2/16/2018,-0.006,24.90194381,14201.73545,40.389
2/17/2018,0.008,24.95621504,14204.21288,0
2/18/2018,0.001,25.021,14206.69032,24.233
2/19/2018,-0.001,25.0459065,14209.16775,0
2/20/2018,0.503,25.08123845,14137,0
2/21/2018,0.005,25.297,14225.6387,0
2/22/2018,-0.001,24.93200888,14239.63222,8.557
2/23/2018,0.001,24.74747443,14253.62573,4.278
2/24/2018,0.033,24.533,14267.61925,0
2/25/2018,0.097,24.40726491,14281.61277,0
2/26/2018,0.027,24.25170822,14295.60628,7.297
2/27/2018,-0.006,24.04,14309.5998,3.648
2/28/2018,0.03,24.00107569,14323.59332,0
3/1/2018,0.073,23.90606884,14337.58683,3.647
3/2/2018,0.005,23.856,14351.58035,0
3/3/2018,0.058,23.65757623,14365.57387,3.647
3/4/2018,0.298,23.50415441,14276,3.647
3/5/2018,0.056,23.279,14409.53903,0
3/6/2018,0.011,23.27699609,14439.51068,0
3/7/2018,0.024,23.20330909,14469.48233,3.115
3/8/2018,0.169,22.837,14499.45398,1.557
3/9/2018,0.391,23.39646439,14787,0
3/10/2018,-0.003,23.66314111,14519.65931,0
3/11/2018,0.019,24.265,14509.89299,0
3/12/2018,-0.007,23.79460341,14500.12668,0
3/13/2018,0.016,23.65925026,14490.36036,0
3/14/2018,0.024,23.501,14480.59404,2.886
3/15/2018,0.245,23.40895639,14186,2.886
3/16/2018,0.03,23.2940643,14505.00395,0
3/17/2018,0.006,23.213,14539.18018,1.745
3/18/2018,0.495,23.01801953,14528,0
3/19/2018,0.391,22.85692383,14362,3.491
3/20/2018,0.088,22.928,14959,1.745
3/21/2018,0.457,22.25483591,14974,0.954
3/22/2018,0.227,21.81406044,14736.34395,1.908
3/23/2018,0.009,21.385,14738.67203,2.862
3/24/2018,0.036,20.91455345,14741.00011,3.816
3/25/2018,-0.005,20.45618504,14743.3282,0.954
3/26/2018,0.217,19.624,14745.65628,0
3/27/2018,0.398,19.97874316,14747.98436,0
3/28/2018,0.468,19.95981858,14911,2.526
3/29/2018,0.109,20.185,14727.85002,1.263
3/30/2018,0.005,19.6323262,14705.38761,5.051
3/31/2018,0.006,19.32383073,14682.92519,0
4/1/2018,0.08,18.749,14660.46277,0
4/2/2018,0.628,19.02045067,14508,0
4/3/2018,0.134,19.02562553,14635.59408,2.608
4/4/2018,0.007,19.434,14633.18781,0
4/5/2018,0.02,18.55937843,14630.78154,0
4/6/2018,0.027,18.08809747,14628.37528,0
4/7/2018,0.026,17.612,14625.96901,0
4/8/2018,0.554,17.1520471,14681,0
4/9/2018,0.61,16.68765539,14612.29518,0
4/10/2018,0.316,15.701,14601.02763,0
4/11/2018,0.363,16.37836171,14589.76007,0
4/12/2018,0.386,16.53352376,14578.49252,0
4/13/2018,0.051,17.074,14567.22496,0
4/14/2018,0.003,16.39178185,14555.95741,0
4/15/2018,0.013,16.09485974,14544.68985,0
4/16/2018,0.036,15.881,14533.4223,0
4/17/2018,0.682,15.40621734,14418,0
4/18/2018,0.485,15.01475633,14422,0
4/19/2018,0.641,14.243,14605,0
4/20/2018,0.675,14.68560326,14661,4.931
4/21/2018,0.012,14.74799274,14556.77313,1.208
4/22/2018,0.012,15.189,14553.40483,3.625
4/23/2018,0.012,14.43078813,14550.03654,1.208
4/24/2018,0.746,14.05127321,14607,0
4/25/2018,0.229,13.253,14423,0
4/26/2018,0.626,13.79240143,14545,0
4/27/2018,0.004,13.91309838,14541.87491,4.009
4/28/2018,0.319,14.01,14545.31025,4.009
4/29/2018,0.02,14.18813604,14548.74559,0
4/30/2018,0.037,14.34226599,14552.18093,0
5/1/2018,0.235,14.334,14555.61627,0
5/2/2018,0.819,14.84635915,14548,0
5/3/2018,0.377,15.19599956,14564.19197,0
5/4/2018,0.295,16.039,14569.33232,2.218
5/5/2018,0.837,15.31495774,14593,2.218
5/6/2018,0.681,15.08414842,14640,0
5/7/2018,0.668,14.112,14325,2.601
5/8/2018,0.007,15.49933527,14599.49086,5.203
5/9/2018,0.036,16.14505646,14629.70236,2.601
5/10/2018,0.849,17.172,14752,0
5/11/2018,-0.008,16.98552761,14675.91855,2.593
5/12/2018,0.001,17.17978849,14691.92323,2.593
5/13/2018,0.158,17.594,14707.92791,0
5/14/2018,0.129,17.30528305,14723.93258,0
5/15/2018,0.075,17.2363854,14739.93726,0
5/16/2018,0.47,17.493,14755.94194,0
5/17/2018,0.886,16.71057555,14865,0
5/18/2018,0.455,16.25385713,14773.59524,0
5/19/2018,0.899,15.469,14900,0
5/20/2018,0.906,15.72556783,14858,0
5/21/2018,0.128,15.65419005,14724.56445,0
5/22/2018,0.754,15.274,14550,3.872
5/23/2018,0.858,15.87438487,14515,0
5/24/2018,0.076,16.16577266,14694.46847,0
5/25/2018,0.069,17.134,14708.70663,3.872
5/26/2018,0.846,15.94664449,14794,0
5/27/2018,0.02,15.436163,14726.2207,0
5/28/2018,0.857,14.572,14667,0
5/29/2018,0.006,14.83083379,14742.41437,10.156
5/30/2018,0.062,14.73621325,14755.33212,0
5/31/2018,0.061,14.851,14768.24987,0
6/1/2018,0.804,14.2989029,14745,0
6/2/2018,0.017,13.95635495,14799.66523,0
6/3/2018,0.028,13.759,14818.16283,8.506
6/4/2018,0.326,13.10024097,14836.66044,8.506
6/5/2018,0.869,12.58702759,14855,0
6/6/2018,0.891,11.742,14945,0
6/7/2018,0.907,11.95495791,14979,0
6/8/2018,0.644,11.83634299,14873.62935,0
6/9/2018,0.021,11.453,14866.05974,0
6/10/2018,0.039,11.91520778,14858.49014,6.099
6/11/2018,0.19,12.11257356,14850.92053,15.501
6/12/2018,-0.001,12.917,14843.35093,7.751
6/13/2018,0.052,11.79343413,14835.78133,0
6/14/2018,0.91,11.27701748,14712,0
6/15/2018,0.584,10.546,14838.57099,0
6/16/2018,0.88,10.50159239,14961,0
6/17/2018,0.895,10.24290475,14811,0
6/18/2018,0.209,9.949,14839.85164,0
6/19/2018,0.019,9.772869729,14837.70361,0
6/20/2018,0.258,9.561693369,14664,0
6/21/2018,0.906,9.443,14826,0
6/22/2018,0.89,9.036992174,14907,0
6/23/2018,0.893,8.723670616,14892,0
6/24/2018,0.864,8.426,14940,0
6/25/2018,0.879,8.086786914,15031,0
6/26/2018,0.848,7.763490187,14924,0
6/27/2018,0.858,7.385,15088,0
6/28/2018,0.894,7.19194621,15062,0
6/29/2018,0.862,6.943938341,15109,0
6/30/2018,0.853,6.548,15132,0
7/1/2018,0.794,6.633802717,15111,0
7/2/2018,0.848,6.57179068,15293,0
7/3/2018,0.826,6.339,15194,0
7/4/2018,0.872,6.661058005,15420,0
7/5/2018,0.876,6.812260471,15234,0
7/6/2018,0.73,7.347,15021,0
7/7/2018,0.025,6.673029728,15106.3927,7.269
7/8/2018,0.286,6.382642785,15085.4459,0
7/9/2018,0.034,5.954,15064.4991,0
7/10/2018,0.734,5.976969937,14885,0
7/11/2018,0.387,5.861872775,14920,0
7/12/2018,0.828,5.194,15244,0
7/13/2018,0.799,6.296862453,15226,0
7/14/2018,0.879,6.846723977,15041,0
7/15/2018,0.854,8.085,14966,9.647
7/16/2018,0.687,7.144518033,14961,0
7/17/2018,0.009,6.892302488,14969.42541,8.377
7/18/2018,0.016,6.536,14951.45608,0
7/19/2018,0.124,6.521472967,14933.48675,0
7/20/2018,0.023,6.403055041,14915.51742,0
7/21/2018,0.028,6.383,14897.54808,0
7/22/2018,0.088,6.061951136,14879.57875,6.431
7/23/2018,0.609,5.839454625,14531,0
7/24/2018,0.455,5.599,14894.64574,0
7/25/2018,0.366,5.428822806,14901,0
7/26/2018,0.25,5.240921214,14964.83481,0
7/27/2018,0.821,4.943,15207,9.753
7/28/2018,0.752,5.009544126,14990,0
7/29/2018,0.249,4.966222398,15015.73704,0
7/30/2018,0.828,4.574,15062,0
7/31/2018,0.515,5.306654994,15026.31982,0
8/1/2018,0.858,5.690286196,15216,0
8/2/2018,0.82,5.796,15024,0
8/3/2018,0.848,6.799440836,14961,0
8/4/2018,0.641,7.524464566,14872,0
8/5/2018,0.028,8.438,14926.96167,0
8/6/2018,0.029,8.762339941,14909.88976,0
8/7/2018,0.065,9.274635247,14892.81785,0
8/8/2018,0.014,9.147,14875.74594,0
8/9/2018,0.04,11.06151913,14858.67403,0
8/10/2018,0.024,12.33528061,14841.60213,8.73
8/11/2018,0.007,14.981,14824.53022,6.625
8/12/2018,0.025,13.26458216,14807.45831,0
8/13/2018,0.025,12.9197288,14790.3864,0
8/14/2018,0.058,12.508,14773.31449,0
8/15/2018,0.903,12.30976283,14590,0
8/16/2018,0.75,12.04503188,14748,0
8/17/2018,0.86,10.75,14864,0
8/18/2018,0.831,12.7344815,14731,0
8/19/2018,0.05,13.68839138,14777.74181,0
8/20/2018,0.004,16.109,14781.9031,8.334
8/21/2018,0.044,13.86492123,14786.06438,6.059
8/22/2018,0.045,13.08752938,14790.22567,0
8/23/2018,0.156,11.927,14794.38696,0
8/24/2018,0.229,11.98699361,14798.54824,0
8/25/2018,0.278,11.6644814,14802.70953,0
8/26/2018,0.151,11.265,14806.87081,11.683
8/27/2018,0.022,11.11566445,14811.0321,0
8/28/2018,0.181,10.88971709,14815.19339,0
8/29/2018,0.822,10.726,14880,0
8/30/2018,0.843,10.37186324,14899,0
8/31/2018,0.811,10.0803036,14796,0
9/1/2018,0.775,9.815,14777.57281,0
9/2/2018,0.333,9.475962778,14631,0
9/3/2018,0.779,9.163578611,14714,0
9/4/2018,0.204,8.886,14769.45539,0
9/5/2018,0.036,8.510033117,14778.1549,0
9/6/2018,0.025,8.169302009,14786.8544,0
9/7/2018,0.214,7.794,14779,0
9/8/2018,0.54,7.543687166,14821,0
9/9/2018,0.159,7.259229963,14815.8711,0
9/10/2018,0.151,6.806,14728,0
9/11/2018,0.84,6.907133699,14959,0
9/12/2018,0.173,6.83979577,14855.99454,0
9/13/2018,0.473,6.081,14863.03551,0
9/14/2018,0.809,7.540308852,14874,0
9/15/2018,0.818,8.307944714,14977,0
9/16/2018,0.066,7.137,14867.44478,0
9/17/2018,0.093,12.14745922,14858.37741,0
9/18/2018,0.01,15.21755502,14849.31005,0
9/19/2018,-0.011,20.299,14840.24268,64.255
9/20/2018,0.014,18.98608722,14831.17531,0
9/21/2018,0.025,19.68278114,14822.10794,0
9/22/2018,0.035,20.43,14813.04057,0
9/23/2018,0.004,21.01116698,14803.97321,0
9/24/2018,0.585,21.64234168,14794.90584,0
9/25/2018,0.866,22.272,14810,0
9/26/2018,0.452,22.897953,14701,0
9/27/2018,0.023,23.52190342,14771.36327,0
9/28/2018,0.02,24.7,14769.68303,0
9/29/2018,0.397,24.10430292,14768.00278,0
9/30/2018,0.088,24.06259692,14766.32253,0
10/1/2018,0.034,23.892,14764.64229,0
10/2/2018,0.34,24.11975878,14762.96204,0
10/3/2018,0.831,24.21872749,14824,0
10/4/2018,0.843,24.32,14775,0
10/5/2018,0.017,24.40282172,14734.70083,0
10/6/2018,-0.016,24.48797611,14719.47614,0
10/7/2018,0.016,24.519,14704.25144,0
10/8/2018,0.575,24.71122771,14689.02674,0
10/9/2018,0.132,24.84932612,14673.80205,0
10/10/2018,0.152,25.119,14658.57735,0
10/11/2018,0.037,24.95923441,14643.35266,12.911
10/12/2018,0.002,24.93109463,14628.12796,12.911
10/13/2018,0.01,25.087,14612.90327,0
10/14/2018,0.036,24.64717115,14597.67857,25.821
10/15/2018,0.008,24.39162836,14582.45388,0
10/16/2018,0.049,24.313,14567.22918,0
10/17/2018,0.04,23.6631666,14552.00448,0
10/18/2018,0.878,23.19070574,14476,0
10/19/2018,0.772,22.477,14503,0
10/20/2018,0.283,22.52506233,14502,0
10/21/2018,0.271,22.33230172,14532.0814,0
10/22/2018,0.004,21.518,14534.76918,0
10/23/2018,0.061,22.67703676,14537.45696,0
10/24/2018,0.007,23.21444304,14540.14475,10.828
10/25/2018,0.06,24.117,14542.83253,15.468
10/26/2018,0.756,23.85345562,14735,56.314
10/27/2018,0.011,23.95482136,14518.97561,0
10/28/2018,0.001,23.998,14492.43091,0
10/29/2018,0.542,24.2204813,14357,0
10/30/2018,0.744,24.3847188,14393,0
10/31/2018,0.763,24.486,14466,0
11/1/2018,0.008,24.78129033,14454.6086,0
11/2/2018,0.006,25.01349737,14453.08184,0
11/3/2018,0.024,25.4,14451.55508,0
11/4/2018,0.074,25.28872847,14450.02832,0
11/5/2018,0.001,25.33168167,14448.50156,9.657
11/6/2018,-0.014,25.4,14446.97481,18.625
11/7/2018,0.025,25.38039297,14445.44805,0
11/8/2018,0.085,25.38618899,14443.92129,0
11/9/2018,0.087,25.4,14442.39453,0
11/10/2018,0.044,25.38134765,14440.86777,0
11/11/2018,0.294,25.37077009,14439.34101,0
11/12/2018,0.003,25.4,14437.81425,0
11/13/2018,0.011,25.29605716,14436.28749,0
11/14/2018,0.01,25.23201193,14434.76074,0
11/15/2018,0.012,25.114,14433.23398,0
11/16/2018,0.016,25.16166401,14431.70722,6.543
11/17/2018,0.133,25.15544484,14430.18046,0
11/18/2018,0.028,25.093,14428.6537,0
11/19/2018,0.013,25.20384194,14427.12694,0
11/20/2018,0.407,25.2584779,14425.60018,0
11/21/2018,0.645,25.4,14379,0
11/22/2018,0.026,25.25972728,14429.50049,12.653
11/23/2018,0.031,25.20638016,14434.92755,18.979
11/24/2018,-0.006,25.209,14440.35462,0
11/25/2018,0.008,25.02855924,14445.78168,6.326
11/26/2018,0.021,24.9042113,14451.20874,0
11/27/2018,0.597,24.632,14400,0
11/28/2018,0.6,24.82581499,14574,6.02
11/29/2018,0.057,24.8718392,14469.04384,30.099
11/30/2018,0.011,24.947,14467.28716,6.02
12/1/2018,0.027,24.92550206,14465.53049,13.967
12/2/2018,0.024,24.93314392,14463.77382,0
12/3/2018,0.029,24.859,14462.01714,0
12/4/2018,0.114,25.04101264,14460.26047,2.793
12/5/2018,0,25.14121256,14458.5038,11.173
12/6/2018,0.001,25.4,14456.74713,32.2
12/7/2018,-0.007,25.15022503,14454.99045,10.733
12/8/2018,0.023,25.05905743,14453.23378,10.733
12/9/2018,0.029,24.918,14451.47711,5.367
12/10/2018,0.191,24.93176828,14449.72044,0
12/11/2018,0.559,24.89573231,14502,0
12/12/2018,0.643,24.872,14552,0
12/13/2018,0.185,24.80576108,14410.16962,0
12/14/2018,-0.001,24.75189011,14382.46873,0
12/15/2018,0.035,24.52,14354.76785,0
12/16/2018,0.571,24.85126855,14326,0
12/17/2018,-0.004,25.0044847,14299.53068,7.985
12/18/2018,0.009,25.395,14271.9944,3.992
12/19/2018,0.008,25.02740252,14244.45812,0
12/20/2018,0.008,24.89710707,14216.92184,11.977
12/21/2018,-0.006,24.843,14189.38556,20.082
12/22/2018,0.562,24.54357739,14041,0.926
12/23/2018,0.6,24.3205332,14161,0.128
12/24/2018,-0.015,23.732,14142.82461,2.526
12/25/2018,0.384,24.30404512,14207,0.017
12/26/2018,0.093,24.5106201,14111.09505,0
12/27/2018,0.033,24.978,14089.49823,19.343
12/28/2018,0.006,24.61375352,14067.90141,9.671
12/29/2018,0.045,24.51026922,14046.30459,0
12/30/2018,0.224,24.378,13734,0
12/31/2018,0.383,24.33522935,14047.96066,19.343
1/1/2019,0.047,24.26376949,14071.21355,0
1/2/2019,0.179,24.3,13999,0
1/3/2019,0.958,23.99227746,14132.44767,6.977
1/4/2019,0.597,23.79238838,14253,0
1/5/2019,0.486,23.479,14448,0
1/6/2019,0.147,23.52615071,14219,0
1/7/2019,0.448,23.45994206,14170,0
1/8/2019,0.049,23.412,14142.04754,0
1/9/2019,0.449,23.30624267,13969,0
1/10/2019,0.178,23.21883533,13950,0
1/11/2019,0.576,23.054,14045,0
1/12/2019,0.254,23.13622024,14201.19103,0
1/13/2019,0.503,23.14106059,14399,0
1/14/2019,-0.009,22.729,14271.46625,0
1/15/2019,0.543,23.64369864,14414,0
1/16/2019,0.465,24.14125049,14482,0
1/17/2019,0.006,25.141,14277.13116,26.851
1/18/2019,0.005,24.54241199,14254.18624,0
1/19/2019,0.179,24.44582648,14231.24131,0
1/20/2019,0.29,24.276,14208.29639,0
1/21/2019,0.47,24.33746452,14078,0
1/22/2019,0.176,24.32574816,14178.96846,0
1/23/2019,0.26,24.22,14035,0
1/24/2019,0.549,24.41190193,14228,0
1/25/2019,0.01,24.50973319,14196.01298,6.342
1/26/2019,0.453,24.633,14216,0
1/27/2019,0.481,24.67358771,14394,10.739
1/28/2019,-0.009,24.7395318,14190.0793,26.847
1/29/2019,0.006,24.836,14168.73654,16.108
1/30/2019,0.483,24.83315819,14238,0
1/31/2019,0.06,24.86079512,13845,0
2/1/2019,0.006,24.963,14117.95456,0
2/2/2019,0.035,24.8256053,14123.83661,0
2/3/2019,0.004,24.76279628,14129.71865,0
2/4/2019,0.058,24.592,14135.6007,0
2/5/2019,0.395,24.76238997,14050,0
2/6/2019,0.492,24.82479123,14336,0
2/7/2019,0.014,24.834,14154.54957,10.966
2/8/2019,-0.005,25.00993789,14147.62059,10.966
2/9/2019,-0.003,25.13258675,14140.69162,5.483
2/10/2019,0.016,25.368,14133.76265,0
2/11/2019,0.007,25.2416874,14126.83368,7.384
2/12/2019,0.023,25.2280788,14119.90471,0
2/13/2019,0.083,25.193,14147,0
2/14/2019,0.017,25.22289928,14100.79758,0
2/15/2019,0.013,25.2313231,14088.61943,14.768
2/16/2019,-0.001,25.261,14076.44127,0
2/17/2019,0.021,25.21972149,14064.26311,0
2/18/2019,0.162,25.19969164,13817,25.677
2/19/2019,-0.003,25.255,14076.17516,0
2/20/2019,0.038,25.06737167,14100.26536,0
2/21/2019,0.071,24.95513548,14124.35556,0
2/22/2019,0.287,24.687,14148.44576,0
2/23/2019,0.542,24.91175501,14297,0
2/24/2019,1,24.98061768,14184,0
2/25/2019,0.007,25.116,14181.29782,0
2/26/2019,0.513,25.0367257,14006,0
2/27/2019,0.027,25.02392575,14216.68733,0
2/28/2019,0.004,25.045,14248.20316,12.634
3/1/2019,0.007,24.95507159,14279.71899,7.35
3/2/2019,0.555,24.89903263,14284,0
3/3/2019,0.474,24.837,14483,0
3/4/2019,0.006,24.79090617,14361.68083,22.049
3/5/2019,0.492,24.73885141,14321,0
3/6/2019,0.504,24.803,14553,0
3/7/2019,0.103,24.49468902,14399.3101,9.848
3/8/2019,0.002,24.30268047,14398.93406,9.848
3/9/2019,0.248,24.006,14115,0
3/10/2019,0.493,24.04009252,14527,0
3/11/2019,0.001,23.96961977,14472.17466,2.114
3/12/2019,0.486,23.653,14717,1.849
3/13/2019,0.355,24.11753013,14519,5.548
3/14/2019,0.114,24.335812,14493.70425,1.849
3/15/2019,0.005,24.612,14487.8466,1.849
3/16/2019,0.289,24.70134445,14487,33.711
3/17/2019,0.005,24.84838254,14475.35822,23.598
3/18/2019,0,25.249,14468.72749,0
3/19/2019,0.002,24.83929627,14462.09675,0
3/20/2019,0.01,24.68314539,14455.46601,11.799
3/21/2019,0.004,24.234,14448.83528,0
3/22/2019,0.565,24.71297257,14354,0
3/23/2019,0.034,24.89890177,14449.18179,0
3/24/2019,0.023,25.215,14456.15905,11.272
3/25/2019,-0.006,25.11268778,14463.1363,18.787
3/26/2019,0.009,25.14040014,14470.11355,4.436
3/27/2019,-0.001,25.203,14477.09081,4.436
3/28/2019,0.034,25.14952558,14484.06806,0
3/29/2019,0.005,25.13089363,14491.04531,4.436
3/30/2019,0.006,25.208,14498.02256,0
3/31/2019,-0.004,24.97530661,14504.99982,31.055
4/1/2019,-0.008,24.83838559,14511.97707,20.884
4/2/2019,0.005,24.57,14518.95432,8.95
4/3/2019,0.534,24.71472523,14408,2.983
4/4/2019,0.41,24.72800018,14642,0
4/5/2019,0.179,25.022,14562.25113,5.967
4/6/2019,0.002,24.41817359,14573.39922,0
4/7/2019,0.018,24.09517644,14584.54731,7.207
4/8/2019,0.005,23.597,14595.6954,0
4/9/2019,0.215,23.65197245,14606.84348,0
4/10/2019,0.574,23.53193401,14619,0
4/11/2019,0.019,23.565,14628.98409,8.829
4/12/2019,0.05,23.10798876,14639.9766,2.207
4/13/2019,0.201,22.80423828,14650.96911,0
4/14/2019,0.677,22.001,14842,0
4/15/2019,0.449,22.78423012,14612,4.414
4/16/2019,0.002,23.06792372,14633.51351,8.648
4/17/2019,0.032,23.233,14621.84879,2.883
4/18/2019,0.17,23.77213186,14598,0
4/19/2019,0.011,24.19223116,14600.39906,11.531
4/20/2019,0.02,25.169,14590.61406,2.883
4/21/2019,0.029,24.36955115,14580.82907,1.657
4/22/2019,-0.013,24.1266181,14571.04407,7.02
4/23/2019,0.022,24.069,14561.25907,1.252
4/24/2019,0.153,23.41615491,14551.47407,0.076
4/25/2019,0.696,22.94891353,14374,0.012
4/26/2019,0.792,22.403,14447,0
4/27/2019,0.732,22.10350791,14678,0
4/28/2019,0.798,21.7256972,14542,0
4/29/2019,0.754,20.962,14630,0
4/30/2019,0.043,21.42375853,14673.08838,0
5/1/2019,0.811,21.49970892,14859,0
5/2/2019,0.776,21.331,14645,0.717
5/3/2019,0.063,21.93841944,14732.31538,4.301
5/4/2019,0.016,22.30088383,14751.1849,2.867
5/5/2019,0.246,22.559,14770.05442,0
5/6/2019,0.859,23.14474406,14807,0
5/7/2019,0.379,23.62563761,14805.00472,0
5/8/2019,0.875,24.619,14882,1.344
5/9/2019,0.883,23.97513543,14991,2.688
5/10/2019,0.579,23.84348149,14809.26862,4.032
5/11/2019,0.213,23.769,14790.7687,0
5/12/2019,0.846,23.50448682,14646,0
5/13/2019,0.831,23.29722852,14771,0
5/14/2019,0.051,23.507,14774.57685,0
5/15/2019,0.845,22.38299706,14775.90439,0
5/16/2019,0.916,21.67639035,14830,0
5/17/2019,0.905,20.724,14738,0
5/18/2019,0.9,20.54868873,14956,0.755
5/19/2019,0.901,20.12806378,14634,2.264
5/20/2019,0.428,19.551,14566,0
5/21/2019,0.219,19.46939096,14732.74362,2.881
5/22/2019,0.913,19.23157505,14671,0
5/23/2019,0.891,18.882,14740,0
5/24/2019,0.191,18.88696387,14786.93439,0
5/25/2019,0.855,18.78024168,14902,2.881
5/26/2019,0.324,18.837,14821.05891,4.116
5/27/2019,0.520184035,18.37327182,14831.10271,0
5/28/2019,0.014,18.07312819,14841.1465,2.058
5/29/2019,0.027,17.878,14851.19029,0
5/30/2019,0.926,17.3492605,14800,0
5/31/2019,0.531,16.92580004,14880.72493,0
6/1/2019,0.957,16.301,14854,0
6/2/2019,0.915,16.31866173,14967,0
6/3/2019,0.888,16.13518993,15134,0
6/4/2019,0.878,15.917,14886,0
6/5/2019,0.894,15.81232695,15085,0
6/6/2019,0.884,15.67300083,14853,10.887
6/7/2019,0.889,15.631,14957,7.258
6/8/2019,0.883,15.28295293,14823,3.629
6/9/2019,0.889,15.0323325,14703,0
6/10/2019,0.905,14.875,14955,0
6/11/2019,0.759,14.42527291,14746,6.996
6/12/2019,0.878,14.06904727,15024,4.804
6/13/2019,0.047,13.734,14911.54019,1.864
6/14/2019,0.895,13.33737916,15004,0.881
6/15/2019,0.86,12.96221682,14865,2.583
6/16/2019,0.896,12.469,14900,0
6/17/2019,0.9,12.35877131,14935,0
6/18/2019,0.887,12.13070886,14765,0
6/19/2019,0.885,11.882,14929,0
6/20/2019,0.788,11.70767965,14873,0
6/21/2019,0.878,11.5128489,15030,0
6/22/2019,0.9,11.241,14953,0
6/23/2019,0.869,11.22361631,14977,0
6/24/2019,0.899,11.1292899,15036,0
6/25/2019,0.864,10.493,14923,0
6/26/2019,0.892,11.59005707,15134,0
6/27/2019,0.656,12.14485558,14822,0
6/28/2019,0.875,12.775,15070,0
6/29/2019,0.674,13.17256055,14851,0
6/30/2019,-0.049,13.64489226,14915.55804,0
7/1/2019,0.043,15.206,14905.75365,10.062
7/2/2019,0.895,13.30828582,14843,0
7/3/2019,0.896,12.49946297,14790,0
7/4/2019,0.875,11.295,14924,0
7/5/2019,0.884,11.3549688,15045,0
7/6/2019,0.847,11.0198232,14801,0
7/7/2019,0.88,10.576,14914,0
7/8/2019,0.158,10.48661777,14936.15002,0
7/9/2019,0.872,10.28878194,14961,0
7/10/2019,0.026,9.099,14958.0442,9.959
7/11/2019,0.882,11.07370793,14870,0
7/12/2019,0.89,12.0560372,15195,0
7/13/2019,0.016,14.595,14986.98163,0
7/14/2019,0.025,12.18927694,14980.89765,0
7/15/2019,0.024,11.34008811,14974.81367,0
7/16/2019,0.093,10.127,14968.72968,7.557
7/17/2019,0.012,10.0788696,14962.6457,0
7/18/2019,0.873,9.667447333,14889,0
7/19/2019,0.896,9.251,14859,0
7/20/2019,0.867,8.861405882,14952,0
7/21/2019,0.884,8.467172373,15114,0
7/22/2019,0.207,7.856,15013.27743,5.838
7/23/2019,0.028,7.947983927,15021.06513,0
7/24/2019,0.035,7.823279419,15028.85283,0
7/25/2019,0.87,7.744,15007,0
7/26/2019,0.287,7.534709747,15049.00109,0
7/27/2019,0.787,7.370989208,15061.36166,8.177
7/28/2019,0.179,7.221,15073.72223,0
7/29/2019,0.062,7.04277192,15086.0828,0
7/30/2019,0.88,6.878450716,15149,0
7/31/2019,0.848,6.615,15314,0
8/1/2019,0.263,6.683333912,15075.01306,0
8/2/2019,0.067,6.652658599,15047.02193,0
8/3/2019,0.032,6.505,15019.0308,0
8/4/2019,0.876,6.746467118,14873,0
8/5/2019,0.852,6.870938075,15003,9.467
8/6/2019,0.034,7.003,14968.1251,7.507
8/7/2019,0.048,7.127730939,14954.99077,0
8/8/2019,0.035,7.259970156,14941.85644,0
8/9/2019,0.057,7.362,14928.72211,0
8/10/2019,0.069,7.576394296,14915.58778,0
8/11/2019,0.01,7.760478372,14902.45345,0
8/12/2019,0.869,8.354,14854,0
8/13/2019,0.021,7.661087181,14881.63375,6.87
8/14/2019,0.059,7.377731825,14608,0
8/15/2019,0.348,6.97,14859,0
8/16/2019,0.857,6.974891425,14939,7.37
8/17/2019,0.876,6.855691025,15082,0
8/18/2019,0.868,6.764,15025,0
8/19/2019,0.856,6.603474975,15051,0
8/20/2019,0.896,6.470681379,15132,0
8/21/2019,0.853,6.212,15135,0
8/22/2019,0.868,6.373731561,15173,0
8/23/2019,0.808,6.409733469,15140,0
8/24/2019,0.856,5.851,15305,0
8/25/2019,0.835,7.204394943,15098,10.289
8/26/2019,0.836,7.962778707,14815,0
8/27/2019,0.861,6.356,14859,0
8/28/2019,0.167,12.28858524,14965.70396,0
8/29/2019,0.875,15.8539681,14961,0
8/30/2019,0.036,22.89,14954.36393,0
8/31/2019,0.026,18.89001993,14948.62473,8.062
9/1/2019,0.023,18.35930282,14942.88553,6.853
9/2/2019,0.045,16.873,14937.14633,0
9/3/2019,0.004,18.42406046,14931.40713,0
9/4/2019,0.025,19.01964327,14925.66794,0
9/5/2019,0.014,18.856,14919.92874,0
9/6/2019,0.025,21.10420849,14914.18954,0
9/7/2019,0.038,22.59228074,14908.45034,0
9/8/2019,0.015,25.265,14902.71114,12.127
9/9/2019,0.022,24.16083679,14896.97194,7.18
9/10/2019,0.018,24.24066479,14891.23274,0
9/11/2019,0.022,24.545,14885.49354,6.618
9/12/2019,0.009,24.12382245,14879.75435,8.967
9/13/2019,0.009,23.92733645,14874.01515,0
9/14/2019,0.037,23.794,14868.27595,0
9/15/2019,0.087,23.44985093,14862.53675,0
9/16/2019,0.186,23.16920974,14856.79755,0
9/17/2019,0.826,22.197,14781,0
9/18/2019,0.098,23.41639414,14856.12759,0
9/19/2019,0.884,23.94420724,14914,0
9/20/2019,0.443,24.994,14858.11972,12.663
9/21/2019,0.851,24.37489511,14934,0
9/22/2019,0.023,24.27765898,14839.78414,8.011
9/23/2019,0.045,24.151,14824.52567,0
9/24/2019,0.09,24.10920369,14809.2672,0
9/25/2019,0.597,24.03816879,14755,0
9/26/2019,0.803,23.639,14760,0
9/27/2019,0.018,24.27571825,14779.34935,0
9/28/2019,0.868,24.58427677,14834,0
9/29/2019,0.012,25.381,14759.24378,10.088
9/30/2019,0.031,24.61697006,14744.55728,0
10/1/2019,0.035,24.34117632,14729.87079,0
10/2/2019,0.855,23.924,14723,0
10/3/2019,0.384,23.94941729,14660,0
10/4/2019,0.042,23.83373174,14689.4616,0
10/5/2019,0.904,23.461,14651,0
10/6/2019,0.84,23.90017666,14693,0
10/7/2019,0.817,24.08235198,14823,0
10/8/2019,0.378,24.324,14633.36019,0
10/9/2019,0.596,24.3708188,14413,0
10/10/2019,0.035,24.47703936,14597.2419,0
10/11/2019,0.101,24.647,14593.67046,0
10/12/2019,0.014,24.60822768,14590.09903,74.169
10/13/2019,0.023,24.63319935,14586.52759,0
10/14/2019,0.872,24.71,14527,0
10/15/2019,0.778,24.61608993,14548,0
10/16/2019,0.848,24.5740831,14716,0
10/17/2019,0.099,24.307,14592.47627,0
10/18/2019,0.275,24.75034514,14585.69991,0
10/19/2019,0.129,24.96858695,14578.92355,0
10/20/2019,0.011,25.318,14572.14719,0
10/21/2019,0.01,25.24437203,14565.37082,0
10/22/2019,-0.001,25.30183405,14558.59446,0
10/23/2019,0.01,25.4,14551.8181,0
10/24/2019,0.042,25.36255039,14545.04174,0
10/25/2019,-0.003,25.36582727,14538.26538,0
10/26/2019,0.004,25.4,14531.48901,0
10/27/2019,0.016,25.32996642,14524.71265,0
10/28/2019,0.006,25.29089551,14517.93629,0
10/29/2019,0.803,25.238,14531,0
10/30/2019,0.018,25.22359031,14501.32269,0
10/31/2019,0.389,25.19543462,14491.48544,0
11/1/2019,0.185,25.22,14481.6482,0
11/2/2019,0.679,25.07190188,14452,0
11/3/2019,0.003,24.97662805,14465.0301,0
11/4/2019,0.008,24.907,14458.24925,0
11/5/2019,0.491,24.75155569,14451.4684,0
11/6/2019,0.763,24.62190827,14404,0
11/7/2019,0.732,24.361,14462,0
11/8/2019,0.766,24.51424459,14501,0
11/9/2019,0.66,24.53631778,14409,0
11/10/2019,0.726,24.39,14464,0
11/11/2019,0.701,24.77623249,14404,0
11/12/2019,0.688,24.99398633,14465,0.045
11/13/2019,0.557,25.349,14321,0.751
11/14/2019,0.047,25.26371821,14333.24086,11.705
11/15/2019,0.031,25.31559102,14309.7794,9.223
11/16/2019,0.067,25.4,14286.31794,0
11/17/2019,0.011,25.37673494,14262.85649,0
11/18/2019,-0.002,25.38600283,14239.39503,0
11/19/2019,0.046,25.4,14215.93357,0
11/20/2019,0.218,25.39479208,14042,0
11/21/2019,0.033,25.39433355,14192.22514,0
11/22/2019,-0.008,25.4,14191.97817,0
11/23/2019,0.021,25.38215951,14191.7312,0
11/24/2019,0.806,25.37047172,14191.48422,0
11/25/2019,0.386,25.4,14191.23725,0
11/26/2019,0.602,25.29461639,14075,0
11/27/2019,0.085,25.23050582,14208.63802,17.341
11/28/2019,-0.01,25.131,14226.28575,17.341
11/29/2019,0.621,25.14064549,14138,5.78
11/30/2019,0.589,25.11495719,14532,5.78
12/1/2019,0.072,25.008,14272.71711,8.937
12/2/2019,0.031,25.15639704,14267.50983,0
12/3/2019,0.008,25.22351826,14262.30254,0
12/4/2019,0.039,25.322,14257.09526,0
12/5/2019,-0.004,25.31747641,14251.88798,4.468
12/6/2019,0.001,25.34427767,14246.6807,0
12/7/2019,-0.003,25.4,14241.47341,0
12/8/2019,-0.012,25.36030994,14236.26613,19.733
12/9/2019,0,25.34954207,14231.05885,0
12/10/2019,0.094,25.342,14225.85156,0
12/11/2019,0.017,25.32081955,14220.64428,0
12/12/2019,0.629,25.30288609,14134,0
12/13/2019,-0.009,25.332,14222.79363,0
12/14/2019,0.36,25.20826045,14148,0
12/15/2019,0.012,25.13162025,14250.18083,0
12/16/2019,0.507,25.207,14324,0
12/17/2019,0.019,24.79612086,14281.9436,0
12/18/2019,0.533,24.53743279,14194,0
12/19/2019,0.533,24.156,14482,0
12/20/2019,0.595,24.16342994,14244,0
12/21/2019,0.566,24.04830432,14290,0
12/22/2019,0.61,23.897,14276,0
12/23/2019,0.525,23.86023457,14424,0
12/24/2019,0.543,23.78738549,14607,0
12/25/2019,0.503,23.471,14657,6.503
12/26/2019,0.001,23.92909325,14391.28563,2.569
12/27/2019,0.388,24.14357903,14357.20122,5.137
12/28/2019,0.564,24.421,14323,0
12/29/2019,0.095,24.49740876,14289.05042,0
12/30/2019,0.534,24.63657446,14245,0
12/31/2019,0.01,24.769,14222.45796,0
1/1/2020,0.508,24.92098341,14151,0
1/2/2020,0.582,25.06608216,14209,0
1/3/2020,0.003,25.4,14129.85919,0
1/4/2020,0.611,25.13066783,13936,14.285
1/5/2020,-0.001,25.05011907,14087.48497,0
1/6/2020,0.508,24.811,14010,0
1/7/2020,0.685,25.07347447,14074,0
1/8/2020,0.532,25.1773617,14298,6.87
1/9/2020,0.01,25.4,14052.82673,13.74
1/10/2020,0.005,25.24193687,14022.45288,0
1/11/2020,1,25.20258503,13992.07902,0
1/12/2020,0.486,25.123,13911,0
1/13/2020,0.002,25.16826311,13939.15397,0
1/14/2020,0.764,25.17330077,13834,0
1/15/2020,0.053,25.163,13906.79536,0
1/16/2020,-0.007,25.19835652,13896.98793,0
1/17/2020,-0.004,25.21835023,13887.18051,15.589
1/18/2020,0.013,25.309,13877.37309,7.795
1/19/2020,0.003,25.17165964,13867.56566,0
1/20/2020,0.002,25.10498472,13857.75824,0
1/21/2020,0.002,25.024,13847.95082,0
1/22/2020,0.091,24.98541177,13684,0
1/23/2020,0.138,24.93255751,13805,0
1/24/2020,-0.007,24.986,13873.35938,13.665
1/25/2020,0.015,24.69855235,13894.60192,0
1/26/2020,0.131,24.51750073,13915.84445,0
1/27/2020,0.246,24.26,14039,0
1/28/2020,0.251,24.243571,13636,0
1/29/2020,-0.008,24.15081061,13995.4288,11.601
1/30/2020,0.667,24.054,14013,0
1/31/2020,0.43,23.96862694,14259,2.9
2/1/2020,-0.008,23.87927406,14141.24668,25.426
2/2/2020,0.084,23.921,14175.98175,0
2/3/2020,0.555,23.54487964,14245,0
2/4/2020,0.376,23.29998432,14188,19.069
2/5/2020,0.035,22.536,14277.65625,6.356
2/6/2020,0.546,23.42290059,14412,14.199
2/7/2020,0.488,23.79062803,14642,0
2/8/2020,-0.002,24.277,14313.30658,0
2/9/2020,0.001,24.38474483,14288.91176,0
2/10/2020,-0.012,24.61081231,14264.51694,0
2/11/2020,-0.002,24.975,14240.12213,0
2/12/2020,0.068,24.89682664,14215.72731,0
2/13/2020,0.041,24.95660475,14191.33249,14.085
2/14/2020,0.001,25.215,14166.93767,0
2/15/2020,0.033,24.83784701,14142.54286,0
2/16/2020,0.086,24.65934346,13821,0
2/17/2020,-0.005,24.527,14139.59653,13.764
2/18/2020,0.053,24.24449971,14161.04501,0
2/19/2020,0.025,24.00833827,14182.4935,13.764
2/20/2020,-0.009,23.664,14203.94198,27.527
2/21/2020,0.27,23.66151274,14270,0
2/22/2020,0.019,23.55099135,14239.9567,0
2/23/2020,0.218,23.503,14254.52293,0
2/24/2020,0.197,23.25469869,14178,0
2/25/2020,0.031,23.06904353,14297.70842,28.708
2/26/2020,0.005,22.44,14326.32767,3.832
2/27/2020,0.474,23.22034135,14306,0
2/28/2020,0.007,23.5571845,14391.1176,22.993
2/29/2020,0.474,24.091,14384,0
3/1/2020,0.512,23.99631196,14660,28.839
3/2/2020,-0.004,24.09834041,14483.69487,0
3/3/2020,0.02,24.467,14497.25239,0
3/4/2020,0.578,23.98439503,14353,0
3/5/2020,0.473,23.76844152,14715,0
3/6/2020,0.504,23.511,14656,0
3/7/2020,0.022,23.38274987,14558.55169,9.496
3/8/2020,0.176,23.21316668,14418,2.374
3/9/2020,0.477,23.044,14377,0
3/10/2020,0.483,22.87166241,14787,0
3/11/2020,0.005,22.69987254,14648.87348,0
3/12/2020,0.486,21.985,14944,0
3/13/2020,0.47,22.99614137,14585,2.555
3/14/2020,0.01,23.46400931,14649.41102,7.664
3/15/2020,0.01,24.181,14642.95563,0
3/16/2020,0.018,24.10255049,14636.50023,0
3/17/2020,0.004,24.27285891,14630.04484,0
3/18/2020,0.007,24.482,14623.58945,11.248
3/19/2020,0.031,24.56260727,14617.13406,0
3/20/2020,0.029,24.68185457,14610.67867,5.624
3/21/2020,0.009,25.136,14604.22327,5.282
3/22/2020,0.002,24.51897108,14597.76788,10.563
3/23/2020,0.014,24.23687126,14591.31249,0
3/24/2020,0.026,23.845,14584.8571,0
3/25/2020,0.035,23.79684236,14578.40171,0
3/26/2020,0.022,23.63907966,14571.94631,0
3/27/2020,0.096,23.557,14565.49092,0
3/28/2020,0.017,23.22972148,14559.03553,0
3/29/2020,-0.001,22.97827355,14552.58014,0
3/30/2020,0.024,22.214,14546.12475,8.036
3/31/2020,0.022,23.07708706,14539.66935,0
4/1/2020,0.186,23.42723748,14533.21396,0
4/2/2020,0.037,23.888,14526.75857,14.553
4/3/2020,0.025,23.99191728,14520.30318,0
4/4/2020,0.015,24.20609789,14513.84779,0
4/5/2020,0.578,24.532,14397,0
4/6/2020,0.139,24.49554724,14517.96808,23.958
4/7/2020,-0.007,24.57060099,14528.54377,9.583
4/8/2020,0.005,24.768,14539.11946,0
4/9/2020,-0.021,24.56812001,14549.69515,4.792
4/10/2020,0.017,24.49051149,14560.27083,0
4/11/2020,0.158,24.738,14570.84652,6.168
4/12/2020,0.001,23.94321203,14581.42221,0
4/13/2020,0.038,23.47371549,14591.9979,0
4/14/2020,0.573,22.846,14384,0
4/15/2020,0.605,22.71480167,14808,0
4/16/2020,0.656,22.4256801,14723,2.879
4/17/2020,0.016,21.952,14677.00002,0
4/18/2020,0.674,22.06016519,14868,0
4/19/2020,0.141,21.98386561,14670.56595,0
4/20/2020,0.675,21.199,14752,0
4/21/2020,0.391,22.66260677,14419,6.301
4/22/2020,-0.001,23.41721206,14619.95823,9.451
4/23/2020,0.019,25.106,14618.80771,3.15
4/24/2020,0.002,23.81519063,14617.65718,12.602
4/25/2020,0.029,23.45826439,14616.50666,9.451
4/26/2020,0.02,23.097,14615.35614,0
4/27/2020,0.198,22.7405322,14614.20562,0
4/28/2020,0.194,22.37998166,14613.05509,0
4/29/2020,0.029,21.786,14611.90457,0
4/30/2020,0.015,21.92694203,14610.75405,0
5/1/2020,0.794,21.83456945,14717,0
5/2/2020,-0.001,21.481,14591.88412,5.08
5/3/2020,0.244,21.95095632,14574.16473,7.621
5/4/2020,0.36,22.15954048,14556.44533,0
5/5/2020,0.312,22.879,14095,2.54
5/6/2020,-0.001,21.96517328,14589.46352,12.204
5/7/2020,0.01,21.56219719,14640.20112,0
5/8/2020,0.879,20.611,14813,0
5/9/2020,0.895,21.39529431,14807,0
5/10/2020,0.04,21.63132295,14741.76801,0
5/11/2020,0.026,22.504,14760.69104,0
5/12/2020,0.293,21.34292917,14779.61406,0
5/13/2020,0.866,20.81851713,14889,11.809
5/14/2020,0.163,20.517,14803.50371,0
5/15/2020,0.884,19.49873415,14726,0
5/16/2020,0.882,18.70388671,14833,0
5/17/2020,0.548523424,17.656,14842.79503,0
5/18/2020,0.113,17.40855939,14859.42977,0
5/19/2020,0.329,16.9085869,14876.0645,0
5/20/2020,0.88,16.11,14736,0
5/21/2020,0.888,16.25950975,14933.50917,0.034
5/22/2020,0.875,16.11058563,15239,0
5/23/2020,0.887,16.401,15139,0.825
5/24/2020,0.033,15.29336042,14948.85991,4.016
5/25/2020,0.035,14.62532385,14923.42514,2.346
5/26/2020,0.902,13.893,14786,0
5/27/2020,0.884,13.36664828,14758,0
5/28/2020,0.396,12.77649658,14902.01498,0
5/29/2020,0.88,12.186,15099,0
5/30/2020,0.62,11.6010716,14852,0
5/31/2020,0.051,11.01624643,14888.61457,0
6/1/2020,0.903,10.379,14759,0
6/2/2020,0.818,9.915734999,14722,0.526
6/3/2020,0.88,9.400463891,15152,0.034
6/4/2020,0.06,8.662,14923.51932,5.655
6/5/2020,0.906,8.643085071,14923,1.153
6/6/2020,0.191,8.401226397,14923.19144,0
6/7/2020,0.909,8.246,14888,0
6/8/2020,0.919,7.826207567,14905,0
6/9/2020,0.882,7.493212406,14897,14.527
6/10/2020,0.9,7.229,14936,0
6/11/2020,0.882,6.75817293,14879,2.012
6/12/2020,0.727,6.356382694,15099,3.262
6/13/2020,0.852,5.873,14973,0
6/14/2020,0.893,5.66291906,15171,0
6/15/2020,0.85,5.371488478,15113,2.319
6/16/2020,0.87,4.976,15127,0
6/17/2020,0.848,4.92662141,14932,0
6/18/2020,0.884,4.773313349,14955,0
6/19/2020,0.889,4.552,15004,0
6/20/2020,0.858,4.562754622,14960,0
6/21/2020,0.876,4.505525766,15099,0
6/22/2020,0.014,4.512,15019.59761,0
6/23/2020,0.89,4.33170653,15124,0
6/24/2020,0.905,4.215130913,15086,0
6/25/2020,0.807,3.935,14893,0
6/26/2020,0.035,4.190999431,14946.1365,0
6/27/2020,0.137,4.283394484,14925.47674,0
6/28/2020,0.02,4.425,14904.81698,0
6/29/2020,0.018,4.425512767,14638,0
6/30/2020,0.9,4.475114509,15029,0
7/1/2020,0.822,4.536,14806,0
7/2/2020,0.477,4.575723795,14911.12459,5.483
7/3/2020,0.907,4.626641492,14848,0
7/4/2020,0.767,4.926,15061,0
7/5/2020,0.875,4.449473818,14855,6.748
7/6/2020,0.274,4.221448787,14973.74662,5.832
7/7/2020,0.875,3.811,15204,0
7/8/2020,0.831,3.995670247,14927,0
7/9/2020,0.666,3.998012163,15041,0
7/10/2020,0.267,3.885,14969.29554,7.546
7/11/2020,0.445,4.1540781,14957.53992,0
7/12/2020,0.582,4.307716344,14806,0
7/13/2020,0.877,4.498,14910,0
7/14/2020,0.089,4.586249984,14972.43844,0
7/15/2020,0.013,4.711008598,14989.2826,0
7/16/2020,0.896,5.023,15045,0
7/17/2020,0.897,4.753283958,15013,0
7/18/2020,0.888,4.670792904,15071,0
7/19/2020,0.691,4.591,14976,14.951
7/20/2020,0.887,4.516619804,15047.06354,0
7/21/2020,0.869,4.445038863,15167,0
7/22/2020,0.023,4.447,15058.15351,11.149
7/23/2020,0.073,4.229718616,15055.50639,0
7/24/2020,0.038,4.086121657,15052.85928,0
7/25/2020,0.107,3.844,15050.21216,0
7/26/2020,0.045,3.930839777,15047.56505,0
7/27/2020,0.883,3.919278078,15098,0
7/28/2020,0.874,3.585,15057,0
7/29/2020,0.81,4.293211438,15019.70913,0
7/30/2020,0.034,4.678574937,15005.33682,15.189
7/31/2020,0.011,4.068,14990.96451,0
8/1/2020,0.041,6.639377191,14976.59219,0
8/2/2020,0.857,8.213896513,14887,0
8/3/2020,0.029,11.72,14959.45232,9.476
8/4/2020,0.028,9.090755852,14956.68475,0
8/5/2020,0.045,8.392729064,14953.91719,0
8/6/2020,0.104,7.24,14951.14962,9.091
8/7/2020,0.226,7.541701992,14948.38206,0
8/8/2020,0.904,7.389210075,15029,0
8/9/2020,0.275,6.76,14929.9824,0
8/10/2020,0.217,7.657582017,14914.35032,0
8/11/2020,0.038,8.078398203,14898.71823,0
8/12/2020,0.062,6.556,14883.08615,0
8/13/2020,0.884,11.22276227,14771,0
8/14/2020,0.3,13.94482184,14866.70268,0
8/15/2020,0.014,19.43,14865.9513,12.773
8/16/2020,0.01,16.12500995,14865.19992,6.17
8/17/2020,0.102,15.58213619,14864.44854,5.678
8/18/2020,0.005,14.301,14863.69716,0
8/19/2020,0.044,15.36308913,14862.94578,0
8/20/2020,0.156,15.68711749,14862.1944,0
8/21/2020,0.858,16.117,14908,0
8/22/2020,0.012,16.20567704,14853.50894,0
8/23/2020,0.01,16.40003548,14845.57485,7.666
8/24/2020,0.029,17.388,14837.64077,0
8/25/2020,0.329,15.84677927,14829.70669,0
8/26/2020,0.896,15.09952767,14774,0
8/27/2020,0.082,13.751,14821.20877,0
8/28/2020,0.871,14.31283279,14792,6.989
8/29/2020,0.611,14.27386792,14824.50037,0
8/30/2020,0.868,14.376,14846,0
8/31/2020,0.829,14.02959786,14814,0
9/1/2020,0.141,13.82449796,14716,0
9/2/2020,0.875,13.638,14967,11.871
9/3/2020,0.197,13.39405554,14858.81998,19.962
9/4/2020,0.118,13.16901296,14863.05255,7.683
9/5/2020,0.886,12.949,14911,0
9/6/2020,0.874,12.71661536,14864.77345,0
9/7/2020,0.869,12.4895736,14962,0
9/8/2020,0.467,11.98,14844.36275,5.287
9/9/2020,0.871,12.37448949,14791,0
9/10/2020,0.822,12.48659426,14748,0
9/11/2020,0.859,12.731,14847,0
9/12/2020,0.485,12.56067665,14804.12489,0
9/13/2020,0.335,12.52271049,14730,6.714
9/14/2020,0.893,11.736,14878,0
9/15/2020,0.492,13.33693089,14789.4337,0
9/16/2020,0.022,14.18880565,14779.83239,0
9/17/2020,0.012,14.987,14770.23108,0
9/18/2020,0.489,15.95915777,14760.62978,0
9/19/2020,0.973,16.87684517,14740,0
9/20/2020,0.016,19.035,14743.12861,4.639
9/21/2020,0.086,17.24659608,14735.22874,4.717
9/22/2020,0.018,16.6985744,14727.32888,0
9/23/2020,0.022,15.961,14719.42902,0
9/24/2020,0.065,15.82616167,14711.52916,0
9/25/2020,0.841,15.50231004,14722,0
9/26/2020,0.195,14.863,14692.89525,0
9/27/2020,0.142,15.22984818,14682.1612,0
9/28/2020,0.018,15.28147701,14671.42714,0
9/29/2020,0.039,14.81,14660.69309,0
9/30/2020,0.021,16.00593117,14649.95904,0
10/1/2020,0.011,16.6784964,14639.22499,0
10/2/2020,0.078,16.213,14628.49094,0
10/3/2020,0.022,19.36791568,14617.75689,0
10/4/2020,0.001,21.38352191,14607.02284,0
10/5/2020,0.003,24.98,14596.28879,15.26
10/6/2020,0.005,23.54060243,14585.55474,9.804
10/7/2020,0.015,23.68109284,14574.82069,0
10/8/2020,0.017,24.44,14564.08664,0
10/9/2020,0.899,23.2204339,14433,0
10/10/2020,0.502,22.61961008,14561.18625,0
10/11/2020,0.373,21.694,14569.01991,7.797
10/12/2020,0.056,21.79254132,14576.85358,4.714
10/13/2020,0.85,21.56679933,14598,0
10/14/2020,0.819,21.429,14610,0
10/15/2020,0.755,21.00541032,14587,0
10/16/2020,0.84,20.67012772,14591,0
10/17/2020,0.801,19.908,14523,0
10/18/2020,0.81,20.49958756,14712,0
10/19/2020,0.721,20.66449452,14656,0
10/20/2020,0.171,21.4,14617.60575,13.32
10/21/2020,0.007,20.31753902,14614.49478,11.403
10/22/2020,0.048,19.80592751,14611.38382,0
10/23/2020,0.348,19.185,14608.27285,0
10/24/2020,0.788,18.91089813,14549,0
10/25/2020,0.804,18.52800592,14714,0
10/26/2020,0.021,18.09,14600.33451,6.629
10/27/2020,0.791,17.82954882,14536,9.938
10/28/2020,0.138,17.51441177,14587.89646,0
10/29/2020,0.781,17.103,14568,0
10/30/2020,0.756,17.00261799,14777,0
10/31/2020,0.077,16.80629818,14557.84498,0
11/1/2020,0.051,16.354,14529.15551,0
11/2/2020,0.372,16.72253269,14500.46604,0
11/3/2020,0.011,16.83521304,14471.77657,10.883
11/4/2020,0.081,16.129,14443.08709,0
11/5/2020,0.408,18.03403922,14321,0
11/6/2020,0.197,19.11967053,14400.11731,0
11/7/2020,-0.011,20.348,14385.83701,0
11/8/2020,0.03,21.12492946,14371.5567,0
11/9/2020,0.773,22.0436394,14376,0
11/10/2020,0.006,23.256,14340.10745,0
11/11/2020,-0.012,23.53142916,14322.93851,0
11/12/2020,0.009,24.0998505,14305.76957,0
11/13/2020,0.003,25.024,14288.60063,0
11/14/2020,0.473,24.81021942,14271.43169,0
11/15/2020,0.018,24.95189562,14254.26275,0
11/16/2020,0.027,25.208,14237.09381,0
11/17/2020,0.003,25.0924773,14219.92487,0
11/18/2020,-0.005,25.09139274,14202.75593,0
11/19/2020,0.002,25.14,14185.58699,0
11/20/2020,0.021,25.02312173,14168.41805,0
11/21/2020,-0.007,24.95604492,14151.24911,0
11/22/2020,0.004,24.843,14134.08017,0
11/23/2020,0.006,24.8694559,14116.91123,0
11/24/2020,0.665,24.85005758,14006,0
11/25/2020,0.021,24.724,14097.03569,0
11/26/2020,-0.009,24.93107742,14094.32908,94.528
11/27/2020,0.106,25.03152061,14091.62248,0
11/28/2020,0.075,25.232,14088.91588,0
11/29/2020,-0.013,25.10827404,14086.20928,23.632
11/30/2020,0.04,25.08460711,14083.50268,0
12/1/2020,0.21,24.982,14080.79608,0
12/2/2020,0.615,25.12467268,14144,0
12/3/2020,-0.01,25.18844223,14065.21436,0
12/4/2020,0,25.299,14052.33924,0
12/5/2020,0.04,25.25510351,14039.46412,0
12/6/2020,-0.013,25.2580148,14026.589,0
12/7/2020,-0.007,25.273,14013.71388,0
12/8/2020,0.008,25.24413559,14000.83876,0
12/9/2020,0.045,25.22740122,13987.96363,0
12/10/2020,-0.005,25.377,13975.08851,0
12/11/2020,0.002,24.99257186,13962.21339,0
12/12/2020,0.989,24.77464049,13876,0
12/13/2020,0.359,24.279,13792,0
12/14/2020,0.605,24.66274753,14077,0
12/15/2020,-0.04,24.76888468,13976.25314,0
12/16/2020,-0.002,24.88,13982.25633,62.99
12/17/2020,0.138,24.97165143,13988.25952,0
12/18/2020,-0.013,25.0682188,13994.26271,0
12/19/2020,0.187,25.291,14000.2659,0
12/20/2020,0.005,25.10840101,14006.2691,0
12/21/2020,0.574,25.05203262,14111,0
12/22/2020,0.066,24.976,14003.044,0
12/23/2020,-0.006,24.95882692,13993.81571,0
12/24/2020,-0.005,24.92207079,13984.58742,21.924
12/25/2020,0.096,25.037,13975.35914,21.924
12/26/2020,0.218,24.6663612,13703,0
12/27/2020,0.485,24.44756834,13997.49777,0
12/28/2020,0.46,24.22,14232,0
12/29/2020,0.37,24.01842569,14028.89237,0
12/30/2020,0.541,23.80832216,14028.92006,0
12/31/2020,0.717,23.395,14028.94774,0
